Age,Income,PreviousPurchases,WebVisits,SubscribedNewsletter,Region,Label
58,47104,9,25,true,East,true
55,29396,4,14,true,Center,true
52,20534,4,11,false,North,true
35,48858,11,27,true,West,true
69,44817,7,28,true,Center,true
41,15430,0,9,true,North,false
24,22377,3,12,true,East,false
61,22168,0,9,true,Center,false
58,28798,2,6,true,West,false
43,31081,5,23,true,East,true
59,22898,4,13,true,South,false
43,12000,7,21,false,West,true
28,35284,1,14,false,South,false
18,29489,1,13,false,Center,false
28,12000,2,12,false,North,false
58,26866,7,16,false,South,false
51,46140,4,14,true,West,true
33,55002,8,25,true,North,true
67,44399,9,27,true,South,true
52,32607,0,4,false,Center,false
46,38203,6,16,true,Center,true
58,36179,5,21,true,Center,true
52,50934,11,24,true,East,true
24,25925,0,0,true,East,false
21,23056,3,13,true,South,false
35,12000,2,16,false,North,false
52,48276,1,18,true,South,true
43,37887,4,20,false,East,true
62,69979,8,16,true,Center,true
55,31619,3,10,false,West,false
21,36755,3,16,false,Center,true
54,32383,8,16,true,South,false
31,26963,0,5,false,South,false
22,48690,5,16,true,South,true
40,50079,3,12,false,East,false
69,31146,5,16,false,West,true
25,47206,2,14,true,Center,true
34,22879,2,10,false,West,true
39,34260,0,5,false,Center,true
22,49306,4,16,true,South,true
20,22803,6,19,false,Center,true
24,22678,4,21,false,West,false
28,53652,5,18,false,Center,false
69,22567,0,6,false,Center,true
48,35808,9,21,false,Center,true
30,24209,3,18,true,South,true
52,30614,4,15,false,West,true
56,14236,3,9,false,Center,false
34,44347,6,11,false,West,false
30,28994,3,9,true,West,false
37,14224,1,4,false,Center,false
42,20574,0,3,false,North,false
45,35652,1,8,false,South,false
68,30449,1,6,false,North,false
33,28008,1,8,true,South,false
22,12000,1,1,false,Center,false
62,51997,8,23,true,North,true
51,17056,3,13,true,South,false
53,12000,0,10,false,South,false
53,25338,4,16,false,West,false
67,15303,2,9,true,Center,true
52,38001,6,17,true,Center,true
47,24948,4,4,false,East,false
66,19853,2,13,true,West,false
52,31764,1,5,true,Center,true
39,21525,0,4,false,West,false
43,17170,0,10,false,Center,false
38,34547,6,17,false,West,true
23,12393,1,18,true,North,false
20,32780,0,6,true,North,false
54,44705,5,17,false,West,true
67,45090,1,11,true,East,false
43,39445,4,9,true,East,true
61,27077,3,19,true,Center,true
50,30850,3,6,false,Center,false
47,28598,1,6,true,East,false
48,12000,2,6,true,West,false
46,32517,7,15,true,West,true
31,26321,4,12,false,South,false
30,48444,7,14,false,East,true
68,41959,7,18,true,Center,true
40,14271,3,7,true,Center,true
30,24082,6,23,true,East,true
55,46477,6,19,true,Center,true
18,30372,1,9,true,West,false
66,12000,2,5,false,Center,true
48,35325,5,12,false,North,false
37,39796,5,13,false,South,false
42,19645,3,20,true,South,false
65,48524,10,24,true,Center,true
28,45129,5,14,true,East,true
47,39889,6,19,true,East,true
25,15342,0,13,true,North,false
65,44165,1,6,true,Center,true
52,27089,3,16,true,Center,true
61,40074,3,31,false,Center,true
66,38575,8,20,false,Center,true
23,19923,1,6,true,Center,false
60,52703,6,15,true,Center,false
43,46805,2,21,true,North,true
57,32680,1,7,false,West,false
62,29108,4,7,false,Center,true
44,63180,12,34,true,West,true
63,27122,8,15,true,South,true
30,44608,3,20,true,East,true
68,12000,2,8,false,West,false
27,18960,2,5,false,West,false
62,32828,7,21,true,South,false
42,18632,4,18,true,North,false
55,29280,5,16,false,North,true
59,36648,5,18,false,Center,true
39,46251,1,7,false,East,false
20,25505,0,4,true,North,false
66,15747,0,0,false,North,false
36,23976,4,13,false,Center,true
57,43486,3,14,true,South,true
34,19178,0,2,false,North,false
55,22670,9,20,true,West,false
24,33255,6,4,true,West,false
35,55986,7,23,false,East,false
36,33397,2,10,true,Center,false
67,19625,0,0,false,Center,false
55,27791,5,18,true,Center,true
41,12000,0,7,false,South,false
65,46874,4,14,false,Center,true
61,63132,8,24,false,North,true
47,18471,5,14,false,Center,false
48,56612,8,14,true,North,true
62,28040,6,23,true,South,true
52,40684,7,18,false,Center,false
27,45160,2,15,false,Center,false
31,12000,2,10,false,South,false
40,40952,5,28,false,North,true
58,29956,4,13,true,South,true
66,16970,2,10,false,East,false
35,36224,3,16,true,East,true
18,18699,4,12,true,North,true
25,31628,0,6,true,South,false
20,28258,0,3,false,North,false
43,26868,3,10,false,Center,true
26,29340,6,12,false,South,false
56,12714,3,16,false,South,false
45,23753,3,8,true,North,true
60,31086,11,23,true,North,true
65,30457,0,0,false,Center,false
40,52018,2,3,true,Center,true
24,24675,1,6,true,West,false
66,30465,6,11,false,South,false
53,59231,9,26,true,East,true
39,27497,4,17,true,East,false
23,31795,1,4,false,East,false
54,12000,0,10,true,North,false
45,19089,2,8,true,Center,true
61,19760,1,6,false,North,false
31,34219,0,5,false,Center,true
52,27943,1,11,true,West,true
19,27321,2,7,false,East,false
43,42543,5,19,false,West,true
24,32671,6,12,true,Center,true
28,47076,7,18,false,Center,false
59,35501,3,16,false,East,false
29,48090,4,10,false,East,false
59,20916,0,10,true,North,false
37,36607,1,9,false,North,false
36,53248,9,29,true,South,true
68,31758,4,18,true,South,true
21,12000,1,14,true,East,true
63,20063,4,10,true,Center,true
39,30299,2,6,true,South,false
34,29117,0,13,true,South,true
40,25522,6,15,false,North,false
59,37688,1,6,false,East,false
59,25145,1,11,false,Center,false
30,32958,4,20,true,East,true
51,42570,6,20,true,North,true
67,13654,0,5,false,East,false
57,27659,8,15,true,East,true
30,12370,5,19,true,Center,true
28,40801,0,11,false,West,false
24,28528,0,7,true,South,false
45,54107,10,30,false,Center,true
41,35456,12,29,false,West,true
68,34038,6,21,false,East,true
57,36872,5,17,true,East,true
25,33447,1,10,false,South,true
49,30206,3,8,true,Center,false
33,25020,1,5,false,West,false
68,47211,7,17,true,West,true
19,29202,3,11,true,South,false
26,46499,6,20,false,South,true
58,34666,6,14,true,Center,false
20,27858,4,6,false,North,false
36,18980,5,17,true,Center,false
65,12000,4,11,false,Center,false
35,38108,0,14,false,South,true
23,27275,4,6,true,South,true
64,39661,4,19,false,West,true
58,20031,4,13,true,West,false
46,36370,5,18,true,South,true
61,21012,4,11,true,Center,true
35,32014,4,12,true,South,true
34,29624,1,2,false,Center,false
22,12000,1,5,false,West,false
40,28186,0,5,true,East,false
29,35879,1,12,true,East,true
53,19895,1,10,false,North,false
63,29151,1,8,true,West,false
46,17847,2,15,false,South,false
26,12000,2,11,true,North,false
63,36472,11,25,true,Center,true
35,39199,6,14,true,West,true
60,13651,0,0,true,West,true
59,33239,3,12,false,North,false
52,24583,9,14,true,Center,true
21,38791,6,15,true,West,true
40,38277,4,12,true,South,true
33,34448,4,21,true,West,false
70,24632,7,15,true,South,true
37,26787,3,7,true,South,true
36,12000,1,4,false,West,false
34,29128,0,2,false,Center,false
22,22078,3,3,false,South,false
24,15212,3,5,false,Center,false
50,35273,5,16,true,North,false
26,24219,5,22,false,Center,true
50,13539,1,5,false,East,false
55,22894,8,24,true,Center,true
67,24404,3,16,false,East,false
42,42862,8,34,true,North,true
27,25078,3,5,false,West,false
63,37290,7,18,true,Center,true
52,25848,5,15,false,East,false
30,41359,4,12,false,East,true
62,29075,2,3,false,Center,true
61,12000,0,2,false,North,true
63,55953,11,24,true,West,true
53,29836,3,6,true,East,false
58,32593,6,14,false,North,false
28,12000,3,15,true,West,false
59,51132,9,23,true,West,true
29,12098,2,10,false,East,false
65,58614,7,22,true,North,true
36,15518,2,0,true,South,false
69,37429,7,18,true,East,true
54,28404,2,4,false,Center,false
43,28273,2,12,true,Center,true
66,30856,7,13,true,Center,true
60,39566,7,17,false,East,true
25,13644,0,3,false,South,false
56,18912,5,21,false,West,false
61,32726,0,10,false,North,false
21,44309,0,10,true,West,true
61,36390,8,27,false,South,true
47,17870,1,5,true,Center,true
31,28779,2,8,false,West,true
48,44060,6,20,false,East,true
42,12000,2,8,false,West,false
40,59717,13,30,false,West,true
37,13391,2,5,true,South,true
30,49810,4,22,true,East,true
19,32262,3,7,false,West,false
20,24832,2,11,true,South,true
70,45602,5,11,false,Center,false
60,19712,2,8,false,East,true
61,19403,4,23,false,East,true
44,23504,4,15,true,Center,false
27,41142,0,0,false,North,false
31,29646,4,9,false,West,true
42,24474,0,8,false,East,false
48,38681,10,23,true,Center,true
65,45701,7,21,true,West,true
67,29226,7,16,true,West,true
69,45418,6,25,true,Center,true
32,31880,3,5,false,Center,false
32,15455,4,6,false,Center,false
64,23230,1,11,true,East,true
52,62074,8,14,true,West,true
18,12334,2,10,true,South,true
57,13864,0,11,true,South,false
19,22545,1,8,false,East,false
29,36225,4,17,true,West,true
43,58698,10,23,true,Center,true
23,18512,0,6,false,South,false
18,30544,1,11,true,West,false
51,39576,4,21,true,Center,false
61,54953,5,16,false,Center,false
55,45725,10,31,true,South,true
42,25376,0,0,false,East,true
65,35935,5,10,true,East,false
43,42464,5,12,true,Center,true
42,15527,3,10,false,East,false
23,30677,5,15,true,Center,true
37,12899,2,11,false,South,false
24,43063,5,23,true,Center,true
42,35513,0,0,true,South,false
28,38531,5,16,true,Center,true
22,13465,5,14,false,South,false
18,42231,3,8,true,Center,false
59,38406,5,13,true,Center,true
38,27238,6,10,true,Center,false
43,13593,5,19,true,East,true
64,13706,3,7,false,West,false
44,28943,2,8,true,Center,true
46,45684,6,15,false,East,true
68,50297,7,23,false,North,true
60,21385,6,29,false,Center,true
68,30416,5,14,true,South,true
46,22589,4,10,true,West,false
36,12000,4,21,true,Center,true
31,20992,1,13,false,North,true
63,49500,10,22,true,West,true
29,21807,1,3,false,South,false
60,29340,4,10,false,Center,false
31,28683,6,18,false,South,false
30,22969,2,13,false,South,false
55,40420,7,18,true,East,true
55,37544,6,22,true,East,true
44,19099,0,1,false,West,false
29,18901,0,8,false,North,false
18,24130,1,3,false,Center,false
63,39439,3,15,false,Center,true
52,26970,8,13,true,South,true
35,35510,0,3,true,East,false
45,50074,9,25,false,South,true
70,52527,10,33,true,East,true
63,22237,2,3,false,East,false
52,29102,7,15,true,Center,true
61,34579,4,13,true,Center,false
62,38061,4,14,false,East,false
54,20637,0,4,false,East,false
65,27031,10,16,true,North,true
64,58769,12,25,false,East,true
45,38353,2,10,false,North,false
68,21901,7,20,false,South,true
28,31588,3,14,false,North,false
28,49294,2,16,true,East,true
21,23850,3,10,false,East,true
48,46212,7,16,true,Center,true
45,27288,0,6,false,North,false
37,45466,9,25,false,North,true
18,26472,1,5,false,West,false
46,35256,3,20,false,Center,false
38,34311,2,7,false,East,false
62,54925,9,27,true,Center,true
59,56143,10,32,true,South,true
51,33431,4,10,true,West,true
52,23675,0,13,true,North,true
20,57852,3,11,false,East,true
43,44931,7,18,true,South,true
69,37978,8,16,true,East,true
45,29082,0,7,false,South,false
37,23153,0,6,true,North,false
40,12000,0,5,true,East,false
25,32393,2,10,true,East,false
22,17654,1,16,true,North,false
54,29273,3,11,false,North,true
41,26924,4,21,true,West,false
44,33445,6,20,false,South,true
61,38157,4,20,false,North,false
36,33524,1,12,true,Center,false
65,22389,1,3,false,Center,false
66,33952,4,14,false,South,false
18,32618,2,4,false,North,false
33,12000,3,13,true,North,true
51,12000,4,5,false,South,false
43,45857,7,10,true,Center,true
69,14273,5,12,true,West,true
67,25990,3,13,true,South,false
31,19217,2,10,false,Center,false
56,54086,9,24,true,Center,true
61,25285,8,25,false,South,true
24,12000,1,8,false,West,false
70,17178,5,16,false,West,true
22,37575,7,22,false,East,true
47,57884,9,18,true,Center,true
40,33698,5,13,true,South,true
36,12000,0,4,false,Center,false
69,15283,2,12,false,East,false
52,34162,2,5,true,North,false
19,48525,2,25,false,East,false
28,46190,7,20,false,North,false
32,12000,0,0,false,North,false
38,38419,1,11,false,West,false
54,53653,6,24,true,North,true
21,32918,4,13,false,Center,true
63,41512,10,28,true,East,true
25,45574,1,15,false,Center,true
37,17573,7,18,true,South,true
63,50101,6,26,true,South,true
37,30993,1,7,false,South,false
67,35005,5,9,false,Center,false
49,44589,9,26,true,West,true
63,22657,0,5,true,East,false
68,32472,5,9,false,West,true
42,25084,5,18,true,East,true
46,52758,9,24,false,North,true
42,34516,5,26,true,West,false
63,60132,10,31,true,North,true
30,19159,3,16,false,Center,true
43,12000,0,8,false,Center,false
56,26620,4,14,false,South,true
68,20880,5,13,true,Center,false
41,33406,4,9,false,South,true
62,29482,3,8,false,South,false
42,37207,2,3,false,West,false
23,13419,3,17,true,South,false
27,46693,8,29,false,East,true
45,48031,8,25,true,South,true
64,35835,5,14,true,Center,true
18,35815,0,4,false,North,false
66,37380,5,24,false,West,true
44,30447,7,14,true,Center,true
61,30830,4,16,true,East,false
41,53950,7,20,true,East,true
32,53558,11,20,true,Center,true
30,12000,2,5,false,Center,true
68,37607,7,19,false,West,true
30,37686,3,15,true,Center,true
41,38342,2,11,true,Center,true
29,45197,4,12,false,Center,false
23,29407,5,18,false,West,true
61,36679,9,16,false,East,true
26,22220,0,9,false,Center,false
59,27950,9,25,true,Center,true
57,27548,4,6,false,Center,false
56,28284,7,14,true,Center,true
59,25867,0,5,false,West,false
69,36496,3,13,true,South,true
44,15812,4,0,false,Center,false
61,12000,1,13,false,West,false
53,34280,5,17,false,East,true
61,46126,4,16,false,Center,false
41,31336,5,18,false,South,false
22,24226,2,14,false,Center,false
27,37215,5,13,false,South,true
63,34087,6,10,true,North,true
31,32512,2,10,false,North,false
58,20524,4,12,false,East,false
38,32635,0,6,false,Center,false
37,40137,6,17,false,Center,true
64,17494,2,3,true,West,false
66,43012,12,34,true,East,true
64,46088,7,26,false,Center,true
67,28302,4,19,false,North,false
44,26209,3,11,true,East,true
44,22679,0,5,true,West,true
64,24772,2,10,false,East,false
30,24270,4,16,false,East,true
33,49906,6,26,false,North,true
50,49143,8,28,true,West,true
21,38021,4,19,false,Center,false
24,46988,1,13,false,Center,false
57,29761,8,17,true,Center,true
42,26953,0,0,true,North,false
28,52997,9,19,true,South,true
57,49928,8,29,true,West,true
44,27956,3,11,false,South,false
64,12000,0,4,false,East,false
60,29988,1,4,true,West,false
57,48229,8,28,false,West,true
49,27380,5,14,true,Center,true
23,12000,1,0,false,North,false
59,44121,6,25,false,East,false
58,27190,6,18,false,Center,true
32,38020,2,13,false,Center,false
24,32497,1,3,false,Center,false
62,52080,11,20,true,Center,true
30,42589,10,23,true,East,true
44,48276,7,20,false,South,true
50,41352,7,20,false,West,true
50,37112,0,8,false,North,false
56,42523,4,6,false,East,true
39,44952,5,21,false,East,true
62,22049,2,9,true,Center,false
61,21896,6,23,false,South,false
38,26996,0,0,false,East,false
52,26792,8,22,true,North,true
30,29757,7,25,true,North,true
31,32069,2,10,false,East,false
65,24826,2,1,false,East,true
42,12000,5,18,true,North,true
57,48176,3,11,false,East,true
55,16375,1,9,true,North,false
29,51017,5,18,true,Center,true
34,45439,5,19,false,South,false
58,18788,0,0,false,East,false
32,46023,4,16,true,Center,true
31,26425,0,3,false,South,false
66,33584,5,12,false,South,false
20,27658,0,15,true,South,false
51,37092,3,15,true,West,true
50,36684,5,25,true,South,true
58,35544,0,7,false,East,false
67,12000,4,19,true,East,true
22,52109,7,16,true,Center,true
58,23363,4,11,true,East,true
65,15988,0,15,true,East,true
23,26602,7,12,true,North,true
65,15390,5,4,true,East,false
68,43640,4,16,false,North,true
54,19768,1,11,false,West,false
44,51434,4,17,false,Center,true
60,39204,1,17,false,South,false
36,27692,1,9,false,Center,false
33,45493,7,24,true,South,true
55,40934,8,27,true,Center,true
63,31178,2,10,false,West,false
40,34148,1,12,true,Center,false
52,38445,9,20,false,West,true
70,21352,2,1,false,South,false
48,28135,2,2,false,West,true
50,19960,2,2,false,East,false
28,32298,2,12,false,West,true
64,20747,3,12,true,Center,true
31,12000,0,0,false,North,false
24,27824,0,10,true,South,false
59,20458,5,16,true,West,true
43,17459,6,11,false,South,true
28,33808,6,16,true,South,true
60,34698,9,21,true,Center,true
44,35528,4,13,false,North,false
21,45615,9,20,false,South,true
64,26841,2,13,false,West,true
44,14793,0,7,false,Center,false
39,46281,4,20,true,North,true
50,22998,0,3,false,South,false
52,26000,3,9,false,West,false
67,26465,2,1,false,Center,false
48,34892,2,3,false,East,false
26,31419,7,20,true,South,true
18,26622,0,4,true,East,false
38,27211,3,6,true,South,false
57,29100,8,20,false,South,true
53,12000,2,2,false,North,false
25,31820,0,5,true,Center,false
53,18252,0,10,false,East,false
48,43463,4,19,true,North,true
43,21016,0,4,false,West,false
46,55344,7,26,true,East,true
62,32840,6,20,true,North,false
67,17587,5,12,true,East,false
53,27144,8,23,false,Center,true
30,20282,2,12,false,South,false
39,52440,5,26,false,South,true
42,13026,0,6,false,South,false
19,22792,1,1,true,East,false
44,45903,5,26,true,North,true
70,23662,6,18,true,South,true
65,21256,0,2,false,West,false
30,43614,1,5,true,North,false
49,16598,0,4,false,South,false
54,41465,3,24,true,Center,true
21,19576,0,7,false,West,false
47,50373,6,13,true,Center,true
38,16596,5,16,true,West,true
29,23749,2,8,false,Center,false
26,50110,5,20,false,South,false
30,50472,11,33,true,South,true
58,12947,1,8,false,South,false
62,36330,7,21,true,East,true
41,12000,0,5,true,West,false
30,16602,0,0,false,Center,false
67,29869,0,3,false,North,false
69,43317,5,14,false,North,true
38,27937,5,14,true,South,true
41,31807,0,3,false,North,false
34,49348,4,18,true,North,true
53,51434,8,8,true,South,true
42,28702,5,13,true,West,true
60,15415,6,20,false,West,false
26,50221,5,20,false,South,true
51,22535,0,10,true,North,false
44,31371,6,25,false,Center,true
18,26677,0,6,false,East,false
68,43595,7,16,true,North,true
42,36007,3,19,true,East,true
62,28078,2,9,false,West,false
36,42173,6,13,true,Center,true
52,63833,10,26,true,North,true
18,21031,1,4,false,South,false
39,49510,8,25,true,South,true
34,41237,0,14,true,East,true
65,39993,6,19,false,Center,true
37,38493,4,15,false,North,false
37,39942,9,27,true,South,true
28,36379,0,6,false,South,false
62,22486,2,11,true,South,false
66,29023,4,8,false,North,false
53,36840,1,12,true,East,false
26,31985,3,9,false,South,false
52,20779,6,15,false,South,true
27,12000,1,3,false,South,false
19,23663,0,3,true,West,false
30,18081,1,1,false,East,false
51,30055,3,14,true,North,true
20,12000,0,2,false,Center,false
56,31609,4,18,false,West,false
58,46232,8,27,true,East,true
35,12786,0,6,true,South,false
32,24375,2,6,false,North,false
44,31499,0,0,false,Center,false
68,37150,8,22,false,South,true
38,12000,0,8,false,West,false
33,24320,1,8,true,West,false
43,35187,4,16,true,West,true
32,34287,6,18,false,West,false
54,38217,4,20,true,Center,true
32,31602,5,9,true,North,true
48,42445,9,23,false,South,true
64,36216,3,16,true,West,false
25,37882,2,9,true,East,false
37,21598,1,4,false,North,false
43,51732,6,18,true,East,true
39,45567,7,25,true,South,true
26,33037,0,7,false,South,false
51,32109,5,15,false,North,false
45,26831,4,9,false,North,true
70,44941,7,22,false,Center,true
66,31314,4,12,false,North,false
36,50393,6,23,true,Center,true
31,12852,0,0,false,East,false
42,16643,0,8,true,East,false
21,12000,1,13,false,West,false
24,55949,7,19,true,West,true
38,15894,1,10,false,South,false
20,32241,6,14,true,Center,true
58,19125,10,27,true,Center,true
70,60771,9,28,true,Center,true
64,12000,6,12,true,Center,true
37,41046,3,11,true,South,false
26,25206,5,12,false,West,true
54,41098,4,5,true,Center,false
64,42332,7,32,true,East,true
58,40766,5,18,true,East,true
35,18984,0,3,true,North,false
26,15652,0,4,false,South,false
30,33826,6,26,false,Center,true
30,32216,2,21,false,South,false
47,41642,3,15,false,East,false
65,18619,1,3,true,North,false
20,38482,2,0,true,Center,false
21,36765,6,25,true,North,true
21,22436,0,0,true,South,false
55,49126,5,21,true,North,true
63,51699,4,19,false,East,true
64,36216,6,15,true,Center,true
50,26601,2,8,true,Center,false
27,35517,4,16,true,East,false
36,27795,2,11,false,Center,false
49,30759,4,15,false,South,false
23,30891,2,12,false,West,false
29,42420,7,30,true,West,true
23,43878,5,20,true,East,true
68,12000,0,5,true,East,false
42,40642,1,11,false,North,false
39,17575,1,5,true,East,false
23,13764,0,18,true,South,false
51,17067,0,11,false,East,false
69,39014,9,21,true,North,true
25,31356,1,4,true,Center,false
31,40022,4,14,true,South,true
18,40157,5,13,false,West,true
39,44103,4,15,true,North,true
52,42612,4,20,true,South,true
61,26051,6,18,false,West,true
27,31425,3,17,false,South,false
56,47557,9,22,true,Center,true
33,16386,4,11,true,Center,true
30,43118,3,19,true,Center,true
64,39263,4,12,true,West,true
26,32909,4,6,true,Center,true
56,39489,4,17,false,East,true
66,22361,8,19,true,Center,true
25,31003,4,21,true,North,true
53,29234,5,13,true,North,true
39,28253,3,20,true,Center,true
43,38973,8,16,false,South,true
70,38473,10,27,false,East,true
23,42368,0,4,false,East,false
32,38323,4,18,true,Center,false
39,37989,0,7,false,Center,false
28,29763,5,10,true,East,true
53,19432,0,1,false,South,false
48,23837,4,15,false,Center,false
52,29456,2,6,false,West,false
56,17140,3,12,false,North,true
70,13734,0,2,true,Center,true
55,46006,4,18,true,South,true
54,24301,4,15,false,East,false
45,26642,0,11,false,South,false
36,55852,9,25,true,West,true
36,37840,3,13,true,Center,true
52,33786,6,20,false,Center,true
36,49868,6,20,true,East,true
45,38402,4,21,false,West,true
45,22557,0,0,false,Center,false
18,12000,0,6,false,South,false
20,14945,0,9,false,North,false
66,34421,2,17,true,South,true
60,47000,8,24,true,Center,true
48,12000,3,7,true,West,false
28,58498,8,23,true,North,true
28,16267,0,4,true,South,true
22,37762,2,15,false,North,true
29,48614,3,12,true,East,true
29,39290,0,7,true,West,true
49,32214,1,2,false,North,false
40,40861,5,18,true,South,true
66,39736,5,16,true,South,true
36,43752,4,11,false,North,false
58,17951,6,11,true,Center,false
34,25240,0,7,false,South,false
39,15363,0,5,true,North,false
51,42358,7,22,true,North,true
56,19376,0,12,false,North,false
26,17496,4,8,true,North,false
36,12000,2,3,true,Center,false
67,33167,3,12,true,Center,false
34,41045,4,11,false,South,true
49,43626,8,17,true,South,true
20,46008,6,19,false,North,true
20,27171,0,2,false,South,false
49,19908,3,10,true,Center,false
62,37702,3,4,true,East,false
58,49316,7,15,true,West,true
36,27519,1,12,true,East,false
58,26806,1,11,true,North,true
55,32860,7,20,true,West,true
19,35966,3,14,true,East,false
47,54551,5,10,true,North,true
49,24303,0,7,false,North,false
21,50375,3,19,false,North,true
25,12000,0,7,false,West,false
61,27028,5,12,true,West,true
20,22953,0,7,false,East,false
46,32632,7,23,true,Center,true
49,33263,4,19,false,Center,false
68,34603,1,9,false,Center,false
57,26208,0,4,true,West,false
44,40793,5,22,true,Center,true
52,18609,2,7,true,North,true
48,24920,3,12,true,Center,true
57,38869,1,17,false,North,false
49,27419,3,11,false,Center,false
38,32724,5,15,true,Center,true
22,18416,1,9,false,South,false
26,24391,2,7,true,North,false
35,47336,9,22,true,West,true
68,40194,0,13,false,Center,false
51,12000,2,2,true,East,false
33,32174,6,18,false,West,true
44,35404,4,8,true,South,true
69,30207,4,11,false,East,false
31,38753,6,18,true,Center,true
54,31954,4,5,false,Center,false
41,18913,0,12,false,East,false
36,23496,3,16,false,East,true
39,31639,3,17,false,North,false
57,43088,6,15,true,East,true
39,32420,5,4,false,West,true
65,32720,3,15,true,North,true
46,17377,2,14,false,South,false
57,19865,5,10,false,Center,false
23,54453,8,20,true,Center,true
49,36747,6,20,true,East,false
48,24578,5,12,true,West,true
51,24403,1,4,false,South,false
53,22380,3,16,true,Center,true
36,32462,3,8,true,West,false
36,35075,5,15,false,North,true
38,20452,0,3,false,East,false
27,21566,4,15,false,Center,true
27,58046,5,24,true,South,true
36,22204,2,21,false,North,false
46,28902,4,11,false,North,true
57,39048,3,15,false,South,true
67,31552,5,10,false,North,false
30,15714,1,6,false,Center,false
45,24084,4,12,false,West,true
64,47034,4,12,true,East,false
64,37234,5,16,true,South,false
39,59867,10,27,true,West,true
53,16892,3,13,false,Center,false
70,42493,2,10,false,North,true
34,26677,6,15,false,Center,true
62,30230,4,13,false,South,false
48,12000,0,2,false,North,false
54,41246,6,17,true,East,true
21,30223,5,18,true,South,false
50,37834,8,23,true,Center,true
61,34944,3,10,false,Center,true
26,20480,1,3,false,North,false
32,42478,1,4,false,West,false
62,32233,3,9,false,West,false
37,29623,2,0,false,West,true
37,53671,7,23,true,Center,true
26,44531,4,16,true,South,true
30,48596,8,21,true,Center,true
60,37394,5,22,true,Center,true
19,51532,8,33,true,North,true
64,21206,1,15,false,South,false
36,41485,8,30,false,West,true
48,21301,5,4,true,Center,true
31,19770,1,8,false,South,false
41,27702,0,9,true,Center,false
37,23131,0,6,false,Center,false
69,14117,3,18,true,North,true
60,29306,3,5,false,East,false
28,61970,10,23,false,North,true
64,12000,2,10,false,East,false
40,15872,2,5,true,East,true
34,23325,2,10,false,West,false
19,43604,4,15,false,North,true
66,18139,2,5,false,South,false
69,41597,4,17,true,West,true
38,39813,2,15,false,East,false
28,25559,2,8,true,East,false
61,18893,2,7,true,Center,false
42,23694,1,11,true,North,false
40,37808,1,11,true,Center,false
44,21508,5,15,false,West,true
37,37507,5,16,false,Center,true
44,30069,7,7,true,Center,false
69,13661,3,12,false,East,true
37,23608,4,4,false,West,false
36,31041,5,7,false,West,false
55,41005,7,28,true,Center,true
59,38356,3,12,true,Center,true
50,12497,2,9,false,West,false
31,20112,0,9,false,East,false
45,49719,5,20,true,Center,true
66,28013,7,15,true,Center,true
70,30362,6,15,true,North,true
69,38252,3,9,false,North,true
26,52835,7,20,true,North,true
68,55592,9,30,false,West,true
41,20189,0,0,false,Center,false
50,45304,5,23,false,Center,false
33,15263,0,2,false,East,false
45,33138,5,15,true,West,true
52,12000,6,14,false,West,false
27,19594,4,13,false,South,false
60,33217,4,19,true,Center,true
62,17708,6,23,false,Center,false
43,56097,5,14,false,Center,true
28,46640,3,19,true,North,false
70,34569,2,8,true,Center,false
24,40373,0,4,false,West,false
47,25138,0,4,false,East,true
30,24791,0,8,false,West,false
66,43022,9,16,true,West,true
29,23396,0,6,false,Center,false
54,36659,11,34,true,West,true
30,30265,8,26,true,North,true
28,37669,3,13,false,South,false
25,33290,5,22,true,East,true
45,42065,2,16,false,Center,true
27,64263,9,25,true,South,true
23,38402,4,13,false,East,false
65,28170,4,11,false,South,false
56,61120,6,13,true,Center,true
37,49721,5,24,true,North,true
49,54288,5,20,true,North,true
20,45984,4,19,true,Center,true
34,16584,0,5,false,Center,false
66,46538,6,25,true,Center,true
29,41081,5,16,false,West,true
40,47356,5,15,false,North,true
31,37121,3,17,true,West,true
55,33091,4,13,false,Center,false
24,34091,3,8,true,South,false
38,34804,5,18,true,West,true
18,30280,3,7,false,West,false
69,24498,3,17,true,North,true
56,23102,5,20,false,North,true
28,22691,3,4,true,Center,false
65,35585,3,13,false,West,false
49,20798,3,10,true,Center,true
29,20423,2,13,false,Center,false
27,45317,3,13,true,North,false
37,35732,5,25,true,Center,true
22,44502,3,9,false,East,false
40,31848,4,10,false,North,true
43,43950,6,18,false,East,true
69,29039,11,27,true,East,true
61,43647,8,25,true,South,true
60,47912,6,13,false,Center,true
62,22167,0,8,true,West,false
30,37201,2,8,false,South,false
30,49628,8,26,true,West,true
46,45204,5,21,true,South,true
21,29191,3,14,true,South,false
64,22626,3,6,false,South,false
70,37872,4,17,false,South,true
59,20211,4,2,true,East,true
36,29988,0,1,false,East,false
63,28488,3,9,false,West,false
65,23334,6,19,true,East,true
48,37512,6,18,true,West,true
31,12000,0,3,false,North,false
50,36265,5,12,true,Center,true
39,36469,0,9,false,West,false
56,22896,0,10,false,West,false
24,35251,0,10,false,South,false
25,50172,1,12,false,South,false
24,38455,6,20,true,West,true
18,32642,7,15,true,Center,true
41,25811,1,7,false,North,false
44,55698,3,7,false,South,false
63,41960,0,12,false,North,true
66,58406,10,30,false,West,true
51,44327,5,23,false,East,true
40,41710,5,8,false,South,true
52,20177,0,2,false,East,false
37,44860,7,16,false,South,true
31,44689,7,14,true,North,true
55,30762,9,20,true,East,true
34,24160,0,12,true,Center,false
47,27328,5,14,false,West,false
56,33025,7,14,true,North,true
65,32159,7,11,true,North,false
44,35742,5,21,true,Center,true
55,12569,0,10,false,West,false
49,30571,1,10,false,South,false
50,35928,4,17,false,West,true
25,22122,0,10,true,North,true
41,27453,6,17,true,North,false
36,36761,8,21,true,West,true
54,27175,6,14,false,West,true
26,18665,1,3,false,Center,false
60,23527,2,12,true,East,false
35,17364,0,4,false,East,false
25,28869,1,13,false,West,false
66,12000,3,19,true,North,true
33,43008,0,7,false,Center,false
49,33684,4,8,false,Center,true
25,46871,4,15,false,North,false
61,40055,9,24,true,Center,true
44,39252,3,23,true,Center,true
33,12000,0,4,true,South,false
48,48723,7,22,true,South,true
66,12184,0,4,true,South,false
27,12000,5,16,true,West,false
18,43728,0,4,true,North,false
35,13251,0,2,false,South,false
20,39835,6,21,false,West,true
35,37958,3,6,false,West,false
66,29486,2,7,true,West,false
62,50099,11,28,true,North,true
62,26115,0,0,false,North,true
70,23524,0,1,false,Center,true
67,45059,0,12,true,North,false
66,26739,10,22,true,Center,true
32,63140,7,26,false,South,true
70,28246,3,10,true,Center,true
61,25616,1,9,true,Center,false
32,46217,2,11,true,West,true
57,31717,7,8,false,West,true
38,12000,4,12,true,Center,false
64,33542,7,14,true,Center,true
54,44947,0,10,false,West,true
39,25725,6,21,false,South,true
39,36869,3,3,false,West,false
33,51458,4,10,false,South,true
21,42118,3,19,false,North,false
21,26650,5,21,true,Center,true
24,22855,0,11,false,South,false
45,44151,3,8,false,South,true
30,33468,3,10,false,West,true
50,31504,6,16,true,East,true
37,19585,0,3,false,South,false
48,28036,5,14,false,East,true
50,38470,2,16,false,East,true
22,22307,4,8,false,Center,false
39,22681,0,8,false,North,false
18,20131,0,2,false,East,false
69,31493,3,16,true,North,true
25,40090,6,13,true,West,true
36,43458,10,26,true,North,true
34,34092,3,9,false,North,false
37,20905,2,7,false,East,false
45,35185,4,22,false,Center,true
41,26734,5,8,false,South,false
36,34632,1,15,false,West,false
49,33252,5,8,true,South,false
59,32082,2,6,false,South,false
49,16382,2,4,false,Center,false
46,39863,3,11,false,West,true
53,49254,9,23,true,North,true
39,19953,3,4,true,Center,true
32,31532,4,16,true,South,true
35,36891,3,15,true,Center,true
37,31382,0,7,false,North,false
63,30307,0,9,false,East,false
43,40817,1,17,false,West,false
32,34883,8,15,false,East,false
47,29257,4,15,false,Center,false
53,38446,5,20,false,South,false
40,25309,5,13,false,South,false
19,29202,2,17,false,South,false
56,21315,2,1,true,Center,true
39,20082,1,9,true,South,true
62,29770,4,16,true,Center,true
51,35735,5,15,false,Center,true
25,40601,6,19,false,Center,false
37,14813,2,3,false,South,false
61,24211,4,18,false,South,true
39,52858,4,10,false,Center,false
47,18815,6,17,false,West,false
29,47779,3,4,true,South,true
20,33569,8,19,true,West,true
64,53457,5,11,true,Center,true
50,33105,2,6,false,South,true
62,25981,1,5,true,North,true
63,41266,5,17,true,South,true
46,46147,9,26,true,North,true
52,31608,2,9,true,South,true
63,49572,8,24,false,West,true
63,29006,3,9,false,North,false
30,42483,3,14,true,West,true
30,30153,2,11,false,East,false
20,27057,2,6,true,Center,true
45,38038,6,18,true,Center,true
47,35283,8,22,true,West,true
67,12000,0,10,false,West,false
24,12000,0,3,false,East,false
58,33346,1,14,true,North,false
46,19312,4,13,false,Center,false
25,24903,6,17,true,Center,true
27,19780,4,13,false,South,false
26,28969,6,17,false,East,false
19,34564,7,16,true,West,false
69,24661,0,2,false,South,true
49,39099,6,18,true,North,true
68,40015,5,24,true,East,true
29,23975,0,0,true,West,false
41,26163,4,8,false,East,false
68,12000,2,7,false,Center,false
53,30646,2,4,false,South,true
26,30265,1,8,false,East,false
43,57439,5,22,true,East,true
44,60147,3,21,true,East,true
67,48414,5,12,false,East,false
45,31195,2,17,false,East,false
59,41794,9,27,true,South,true
28,52541,6,13,true,South,false
51,52698,4,18,false,South,true
42,15259,0,6,false,North,false
69,28277,6,16,true,Center,false
70,26590,4,13,true,Center,true
29,18787,4,14,false,South,false
29,38061,8,24,false,West,true
57,45207,8,25,true,North,true
33,14235,1,9,false,North,false
20,43969,6,25,false,East,false
48,32709,1,4,false,Center,true
41,26047,1,11,true,North,false
62,13406,5,15,true,South,false
66,36572,3,9,false,Center,true
58,53184,6,24,true,East,true
46,33424,7,18,true,West,false
48,55590,7,27,true,Center,true
51,46989,3,14,false,North,false
53,45414,6,28,true,South,true
28,32360,0,10,false,North,false
42,32866,2,9,false,North,true
52,22669,1,8,true,South,false
22,24786,0,4,false,East,false
45,35064,2,14,true,East,false
65,46623,6,22,true,East,true
55,12000,0,9,false,East,false
51,23725,0,6,false,Center,false
36,39359,2,6,true,East,false
62,42297,6,12,true,West,true
58,38656,3,13,false,Center,false
31,48189,1,11,false,East,false
64,12000,6,12,false,South,false
61,21049,3,10,false,Center,false
62,39432,4,21,true,East,true
63,26168,7,14,true,West,true
69,31801,1,15,false,East,false
27,12000,5,13,true,Center,true
21,42693,6,17,true,East,true
25,32798,6,12,false,Center,false
68,29516,4,5,true,South,true
18,35633,4,9,false,North,false
54,13692,2,14,true,West,false
37,27051,2,18,false,Center,false
19,14615,3,12,true,West,false
70,33538,4,13,false,Center,false
29,45059,5,17,true,East,true
34,33906,3,16,true,South,true
60,42147,6,24,false,East,true
54,21621,3,24,false,South,false
60,35747,3,15,false,West,true
31,23891,1,7,false,Center,false
28,27951,3,11,false,South,true
64,29933,8,16,true,East,true
28,25935,3,16,true,South,true
25,14140,0,2,true,West,false
27,37831,2,16,false,Center,true
25,40715,8,20,true,South,true
36,16442,0,8,false,Center,false
65,22728,0,0,false,South,false
61,25048,3,14,false,North,false
41,29603,1,2,true,West,false
50,25205,9,15,false,Center,true
23,43596,3,13,true,East,false
28,27509,2,7,false,North,false
61,12588,2,4,false,West,false
43,39764,5,18,true,South,true
65,17700,0,16,false,North,false
28,20672,0,2,true,West,false
21,21638,2,8,false,Center,false
67,38225,4,12,true,South,true
37,59385,4,6,false,West,false
21,21769,4,11,true,West,true
40,44719,5,19,false,Center,true
18,41804,7,22,true,Center,true
69,27582,12,24,true,East,true
63,34475,6,21,false,West,true
30,60825,5,20,true,South,true
26,22749,5,18,false,West,false
25,52540,4,19,true,East,true
39,17374,3,16,true,North,true
57,40256,8,23,false,West,true
70,19724,4,13,false,South,false
55,27304,3,14,true,Center,true
19,28101,1,12,true,South,true
39,28182,3,10,true,Center,false
63,22829,4,14,true,East,true
48,28912,7,15,true,Center,true
60,47146,7,24,false,Center,true
51,24994,2,8,true,North,false
56,43602,8,28,true,East,true
22,47569,4,14,false,South,true
26,37434,6,19,false,West,false
41,13915,2,11,true,West,false
19,36789,5,21,false,North,false
30,31295,0,2,false,North,false
42,20972,1,5,true,South,false
18,47392,2,5,false,Center,true
63,31298,6,17,true,South,false
35,40550,4,17,true,West,true
18,21900,0,9,false,West,false
26,18160,3,10,false,West,false
35,46227,11,16,false,East,true
65,21020,0,5,false,Center,false
38,30133,6,19,true,Center,true
41,40170,7,16,false,North,true
64,36136,7,18,false,East,true
27,40095,5,28,true,South,true
69,37485,6,18,true,West,true
26,32052,4,17,true,West,false
24,12000,0,7,true,East,false
70,37592,8,24,true,South,true
70,46466,8,30,true,North,true
32,25921,3,9,false,Center,false
70,43378,5,21,false,Center,true
39,52016,10,35,true,North,true
56,37279,7,26,true,Center,true
35,47277,4,23,false,North,true
27,33173,2,12,false,West,false
25,12000,0,5,false,Center,false
38,18259,1,13,false,North,false
33,20750,4,8,false,Center,true
63,18102,4,10,false,Center,true
19,23173,3,12,false,Center,false
67,36212,4,21,false,West,true
70,35163,10,32,true,East,true
45,19085,5,14,false,West,true
41,37679,6,28,true,East,true
26,31778,0,4,false,East,false
36,35231,4,12,true,North,true
45,21547,0,0,false,South,false
45,40685,4,19,false,East,true
21,33484,4,13,false,West,false
38,24980,0,4,false,Center,false
24,46404,6,20,true,South,true
56,58252,8,24,false,Center,true
54,17806,1,8,true,West,true
40,32319,0,2,false,Center,false
61,42046,7,21,false,North,true
42,12000,1,10,false,North,false
63,32966,6,15,false,West,false
64,20671,1,8,true,Center,false
45,50358,7,20,false,South,false
54,22221,1,8,false,South,false
68,43153,5,15,true,North,true
40,38386,5,18,true,Center,false
59,57281,5,23,true,Center,true
57,37470,4,10,false,Center,true
50,12000,3,12,false,North,false
62,32655,4,15,true,Center,true
42,44553,3,11,false,West,true
29,28937,0,12,true,Center,true
56,13388,2,6,true,North,false
58,35538,8,31,true,East,true
48,33884,6,24,true,Center,true
27,43089,5,15,false,South,true
34,33605,4,16,false,Center,true
44,17238,2,12,true,West,false
70,52938,8,21,true,South,true
70,50340,6,19,true,South,true
38,56017,11,24,true,South,true
26,20616,0,4,false,Center,false
67,37878,8,16,false,South,true
70,25329,6,13,true,South,false
44,22543,4,7,false,North,false
45,21363,4,15,true,East,true
58,28536,7,26,false,East,true
59,59714,9,31,true,South,true
50,29302,3,10,true,South,true
30,50231,1,6,false,West,false
68,31917,5,12,true,West,true
68,47115,5,27,true,North,true
70,12408,2,8,false,Center,false
43,38083,8,27,true,North,true
64,43984,11,24,true,East,true
58,21400,2,10,false,North,false
23,42723,6,15,true,East,false
23,29555,2,8,false,East,false
59,40070,4,12,false,East,false
60,36732,5,18,false,West,true
56,36760,6,19,true,West,true
31,21209,3,13,false,North,false
42,45081,3,11,true,West,true
58,29622,4,27,true,South,true
28,22888,1,12,false,South,false
31,35970,3,15,true,East,false
35,30814,5,20,false,South,false
45,19910,2,10,false,West,false
43,49004,9,22,true,East,true
46,14343,3,13,false,Center,false
41,49785,3,5,false,Center,true
56,40004,2,16,true,North,true
68,35528,7,22,true,Center,true
62,42691,6,11,false,South,true
56,33978,6,10,false,East,false
54,41810,4,16,true,Center,false
49,41199,6,23,true,South,true
19,28235,5,23,false,Center,false
43,46419,6,15,true,South,true
44,30391,1,7,false,Center,false
43,21659,9,15,false,West,false
24,35693,3,16,true,East,true
28,48387,7,24,true,North,true
21,30720,7,26,true,Center,true
69,18486,6,22,true,Center,true
55,55750,3,10,true,South,true
60,22280,3,12,true,East,false
40,12000,0,2,true,North,false
21,36176,7,17,true,Center,true
66,12000,1,8,false,North,false
26,34223,5,23,true,East,true
35,15820,3,17,true,South,true
25,33506,8,20,true,South,true
53,43014,7,24,true,North,true
24,43226,5,20,true,North,true
56,19215,3,8,false,Center,true
20,24107,0,2,false,East,false
43,47703,8,25,true,East,true
36,29291,1,10,false,South,false
62,32745,7,21,false,North,true
48,29786,4,22,true,East,true
40,47585,5,14,true,West,true
36,39484,2,13,true,Center,true
46,20865,2,3,true,South,false
37,25736,0,7,false,South,false
61,14977,2,12,true,West,true
19,32697,7,22,false,Center,false
58,39476,7,17,false,West,false
29,30262,6,20,true,West,true
20,15613,0,7,false,South,false
40,24424,9,15,true,North,false
57,25322,3,9,true,South,true
70,28691,4,11,false,North,true
40,47227,3,3,false,West,false
27,39940,4,14,true,South,true
69,26850,2,1,false,West,false
29,15350,0,3,false,Center,false
53,35192,7,18,true,Center,true
45,44083,7,19,false,Center,true
47,21174,3,17,false,Center,false
57,49581,4,12,false,West,false
21,32401,0,5,false,West,false
21,40208,5,20,true,West,true
62,29920,5,14,false,North,false
27,12000,0,12,false,North,false
64,33362,5,8,true,North,true
25,23026,1,8,false,Center,false
37,12000,4,16,true,West,false
60,22536,1,5,false,East,false
65,29502,3,7,true,South,true
35,17610,4,16,true,North,true
54,19848,5,21,false,South,false
40,45113,5,17,false,Center,false
50,38316,10,21,true,North,true
54,21881,6,17,false,Center,true
59,12000,2,7,false,South,false
34,39298,6,23,true,Center,true
64,34920,6,25,true,East,false
69,50559,5,25,false,Center,true
22,40431,4,23,true,Center,true
19,41367,3,13,false,South,true
34,13941,1,8,false,South,false
23,17298,0,4,false,West,false
44,12000,0,2,false,East,false
30,39720,1,6,false,South,true
22,16407,2,13,true,South,true
49,33981,8,18,false,West,true
63,16725,6,18,true,Center,true
57,19886,3,17,true,South,false
34,30244,2,6,false,North,false
70,29242,0,1,true,North,false
57,26062,0,18,false,South,false
23,42417,2,17,true,South,true
40,22725,3,18,true,North,false
69,37449,9,20,true,South,true
42,27725,0,3,false,West,false
41,25433,4,16,true,North,true
66,48272,4,3,true,East,false
22,44085,5,17,false,West,false
26,21236,0,7,true,South,false
65,41942,1,13,true,Center,true
59,32923,10,21,true,Center,true
57,27167,4,20,true,Center,true
25,16635,4,21,false,East,true
25,54626,7,20,true,West,true
57,30254,4,9,true,Center,true
52,41692,6,15,true,South,false
34,37929,1,10,false,Center,false
64,50064,5,20,false,West,true
52,16763,3,6,true,Center,false
33,33418,4,16,true,Center,false
39,28962,3,10,true,East,false
18,43048,6,18,true,South,true
47,43007,6,16,true,South,true
57,12000,0,2,false,Center,false
32,27379,1,6,true,North,false
46,28920,3,11,false,Center,true
61,45116,2,11,true,North,true
25,23195,1,5,false,Center,false
36,38641,6,20,true,East,true
36,26887,2,19,false,North,false
69,24649,8,20,true,West,true
55,50912,8,11,true,North,true
32,12000,0,0,false,North,false
69,44866,8,18,true,West,true
33,21800,6,20,true,West,true
46,29333,0,3,false,West,false
56,34596,9,23,false,West,true
44,23844,0,0,false,North,false
50,47632,6,14,false,West,true
25,14176,2,8,true,West,false
19,18613,0,12,false,West,false
43,29080,1,6,false,Center,false
24,35648,3,14,true,Center,true
45,28660,6,18,false,West,false
23,32864,3,5,false,Center,false
64,12000,0,9,false,South,false
55,12000,1,6,false,West,true
65,46373,4,12,false,Center,true
28,39057,5,9,true,West,false
66,38846,7,21,true,South,true
56,56901,4,8,true,West,true
31,26203,8,16,true,South,false
63,25723,0,1,false,West,false
64,16578,0,8,true,North,false
39,29234,6,9,false,Center,false
45,47141,8,20,true,West,true
58,25716,2,1,true,Center,false
49,39623,1,10,false,West,false
65,34857,8,14,false,North,false
57,20396,5,11,false,Center,false
32,44603,2,6,false,South,false
32,50836,9,25,false,Center,true
25,45431,10,24,true,North,true
69,42682,4,15,true,Center,true
44,51141,8,23,true,South,true
21,29775,6,12,true,Center,true
28,12000,0,15,false,North,false
64,43614,7,22,true,East,true
21,20699,1,8,false,West,false
69,38135,8,18,true,North,true
66,37193,5,13,true,Center,true
67,30806,4,13,true,Center,false
35,35097,3,7,false,North,false
52,26554,2,8,true,South,false
38,14353,3,9,true,West,false
42,30641,4,18,true,West,true
33,12000,6,15,false,East,false
54,43930,5,18,true,East,true
69,28564,4,10,false,South,true
43,21888,0,5,true,East,false
37,30644,0,12,false,West,false
31,32675,0,2,false,Center,false
50,13468,0,4,false,North,false
18,42455,7,24,false,North,true
28,21728,0,11,false,North,true
36,27358,0,5,false,South,false
36,23970,2,4,false,Center,false
39,49175,4,17,true,West,true
44,37821,7,22,false,Center,true
47,29922,4,10,true,South,true
58,39819,6,17,true,East,true
67,24445,5,8,true,North,false
35,38727,7,25,true,Center,true
55,12000,0,5,false,Center,true
32,37239,4,17,true,West,true
21,46195,8,18,true,East,true
43,23505,4,9,false,South,false
31,59815,5,21,false,South,true
68,31979,6,22,true,West,true
67,22669,0,7,false,West,false
29,67979,5,19,true,South,true
41,44246,4,19,false,East,true
62,29277,2,15,true,East,true
56,22606,1,0,false,East,true
19,17608,0,5,false,North,false
25,48045,6,21,true,West,true
57,31150,2,5,false,North,false
64,45586,6,24,false,East,true
70,32480,4,12,true,South,true
44,41255,9,25,true,Center,true
54,34622,4,14,false,Center,true
38,12000,0,6,true,Center,false
64,41645,5,13,false,East,false
37,49730,7,22,true,Center,true
30,36435,5,16,true,South,true
59,12000,1,6,false,South,false
54,36569,9,20,false,Center,true
50,13246,0,5,true,Center,true
25,15149,0,1,false,South,false
20,29522,3,5,true,South,true
24,36348,5,20,false,Center,true
55,20610,1,0,true,Center,true
61,29206,5,17,false,West,true
45,36486,0,8,false,West,false
62,39472,5,25,true,Center,false
23,24559,6,18,true,North,true
29,30444,4,13,true,Center,true
67,22379,5,12,false,East,false
60,22454,5,15,true,Center,true
43,35734,0,12,false,Center,true
49,16652,0,15,true,Center,true
50,39318,2,12,false,North,false
31,30301,4,11,true,Center,true
48,61552,9,22,true,West,true
23,20913,4,10,false,North,false
50,22142,4,1,false,East,false
34,31703,2,13,false,East,false
52,37748,5,20,false,West,true
18,17431,5,12,false,East,false
21,28661,2,12,true,South,false
45,26747,5,17,true,Center,true
38,31046,4,18,true,Center,true
52,48017,9,21,true,West,true
33,54647,4,23,true,North,true
20,51896,11,22,true,West,true
58,31942,2,20,true,East,false
45,52810,6,6,false,South,false
62,35517,3,6,false,East,false
35,28328,3,9,true,North,true
68,26567,5,14,false,Center,true
19,29839,0,0,false,South,false
56,26343,6,17,true,Center,true
47,40601,3,11,true,Center,true
54,48606,6,15,true,West,true
36,32070,1,5,false,South,false
44,34610,4,18,true,Center,false
26,12000,4,16,true,North,true
28,35662,0,14,true,Center,false
35,27184,5,22,false,East,true
52,23608,2,3,true,West,true
29,31205,3,15,false,East,true
55,13434,0,0,false,North,false
23,16211,0,9,true,South,false
23,34455,3,5,true,South,true
28,13443,1,8,false,Center,true
22,38440,2,9,false,West,false
47,26174,3,8,false,North,false
22,35073,3,10,false,West,true
44,55997,6,12,false,West,true
46,12829,2,8,false,East,false
63,47175,5,10,true,West,true
55,32131,3,13,true,West,true
31,31022,5,13,false,East,false
39,28345,5,16,true,South,false
27,29274,2,13,false,Center,false
54,22916,1,4,false,East,false
36,37861,3,15,false,North,true
41,28419,0,10,false,North,false
27,19917,0,1,false,East,false
48,43563,10,37,true,Center,true
35,16958,0,8,false,South,false
18,44429,0,10,true,Center,false
43,12000,0,2,false,West,false
23,36002,3,11,true,East,false
59,37403,4,15,false,Center,true
65,40323,10,35,true,North,true
55,33002,2,17,true,East,true
48,35726,5,19,true,South,true
55,12000,4,12,false,South,false
66,31636,5,15,true,North,true
50,28363,7,18,true,East,true
58,12000,4,18,true,West,true
28,40776,8,22,false,Center,true
70,40559,10,27,true,Center,true
24,21040,0,7,false,Center,false
28,41877,2,18,false,East,true
67,30725,3,10,false,Center,true
64,19942,6,12,true,Center,true
43,43567,6,18,true,Center,true
30,36900,7,20,true,East,true
53,30521,0,2,false,North,false
64,12974,2,0,true,East,false
63,22302,3,7,true,South,false
41,22918,3,2,true,West,false
70,35965,7,20,true,Center,true
66,23854,1,10,true,East,false
62,29498,2,15,true,West,true
47,33590,6,20,true,South,true
26,41040,6,15,true,South,true
50,21146,5,26,false,Center,true
36,16823,0,5,false,East,false
69,12000,2,5,false,Center,false
61,23233,4,4,false,East,true
59,20244,1,9,false,West,false
36,54505,7,24,true,Center,true
61,33649,2,7,false,West,false
63,36639,4,16,true,North,true
20,34752,0,9,true,Center,true
37,51089,13,33,true,North,true
46,52877,11,37,false,Center,true
46,25437,4,7,true,North,false
64,24882,3,14,false,Center,false
44,44618,12,31,true,North,true
18,22867,3,13,true,Center,true
59,16842,12,33,true,South,true
35,28731,0,14,true,North,true
26,25118,0,13,false,East,false
44,37556,2,15,true,East,true
41,36187,3,17,true,South,false
34,29921,2,10,false,East,true
44,43180,6,15,true,North,false
23,28105,2,14,true,West,true
56,32166,4,3,true,Center,true
57,29350,3,2,false,North,false
69,40021,5,19,true,West,true
32,31918,7,16,true,South,true
35,32396,2,3,false,West,true
69,29175,5,15,true,North,true
28,30532,3,2,true,West,false
43,24029,3,7,true,Center,false
39,18790,6,16,true,South,true
60,44607,3,13,true,North,true
24,33900,6,21,true,West,true
45,12000,0,17,true,West,false
50,39798,10,27,true,Center,true
27,18379,0,11,false,East,false
28,28115,3,14,false,West,false
27,12000,0,3,true,West,false
42,58075,3,18,true,West,true
34,27387,0,7,false,North,false
26,45808,8,24,false,Center,true
59,17978,4,13,true,West,true
43,46053,8,25,true,East,true
18,22497,0,0,false,Center,false
70,45997,10,25,false,West,true
35,35297,3,16,false,Center,true
63,24321,0,6,true,West,false
56,37901,4,19,false,Center,true
24,38442,2,12,true,South,false
34,36970,4,22,true,South,true
60,27920,12,30,true,South,true
60,19951,5,8,false,South,false
66,33129,8,18,false,East,true
59,37569,0,4,false,West,false
67,12000,4,13,false,Center,true
44,38211,1,12,false,Center,false
33,28502,7,15,true,East,true
53,33969,1,5,false,West,false
23,23655,4,12,true,West,true
64,42324,8,18,false,Center,false
49,19162,6,22,false,Center,true
55,26708,6,14,true,North,true
22,33658,4,5,true,Center,false
52,28108,5,8,false,West,false
57,27503,3,16,true,South,false
35,40439,5,16,false,South,false
27,40941,4,22,false,Center,true
54,34733,6,12,true,West,true
34,22874,0,7,false,West,false
38,27348,2,8,false,East,false
55,55319,13,33,true,Center,true
56,33542,7,14,false,Center,false
21,19519,1,6,false,North,false
59,42373,7,23,true,North,true
54,31676,9,28,true,East,true
43,34855,7,12,true,South,false
44,41217,7,19,true,South,true
40,14333,0,7,false,North,false
56,37387,0,9,false,East,false
24,46787,4,20,true,East,true
39,36234,6,21,true,North,true
30,37112,11,26,true,South,true
56,46207,7,20,true,West,true
38,29871,3,16,false,West,true
57,17146,2,11,false,North,false
29,46582,3,16,true,West,true
20,55074,4,16,false,West,true
61,38142,8,27,true,West,true
47,45626,4,12,true,South,true
41,51232,11,20,true,North,true
48,41826,0,6,true,South,false
38,45133,4,14,false,East,true
26,24450,2,14,true,North,true
24,26002,4,9,false,Center,false
21,28552,2,13,false,West,false
59,30535,5,26,true,Center,true
70,43136,2,12,true,Center,false
31,55905,10,32,true,Center,true
58,29231,3,4,true,Center,false
60,40813,1,24,false,Center,false
20,41036,7,19,false,East,false
58,21556,8,14,true,North,false
42,27468,8,22,true,South,true
62,32677,3,10,true,North,false
22,36345,5,21,false,West,true
52,26642,8,19,true,West,true
23,18737,0,16,false,North,true
42,40142,9,26,true,Center,true
56,34121,1,0,false,East,true
18,42399,3,24,true,Center,true
43,12000,5,11,false,Center,false
19,35142,2,12,false,North,false
21,35369,4,15,false,East,true
20,35485,4,16,false,West,false
25,44666,1,16,true,West,true
54,25997,2,5,false,East,false
40,48943,5,8,true,West,true
36,27161,1,24,false,Center,true
69,30909,5,7,false,West,true
58,14749,7,14,false,South,false
41,22693,5,18,true,East,true
64,23009,0,10,false,Center,false
31,21425,3,6,false,West,false
44,39971,5,15,true,South,true
46,40069,5,15,false,East,false
59,14914,4,14,true,West,true
49,20723,8,14,false,East,false
23,58736,7,24,true,West,true
65,36856,7,23,false,South,false
48,28063,5,12,true,West,true
25,15687,0,9,false,West,false
33,49520,5,20,false,North,true
42,12000,1,0,false,South,false
46,57021,3,19,false,West,false
22,39409,7,17,true,West,false
30,42246,4,13,true,South,false
19,20442,0,10,true,South,false
19,12000,0,9,true,South,false
20,26403,10,20,true,North,false
57,47633,7,20,true,Center,true
35,28443,1,10,false,Center,false
40,29066,0,2,false,West,false
60,52409,5,18,true,East,true
29,27142,3,13,false,North,true
69,17766,7,23,false,West,true
39,33277,2,14,true,East,true
23,30957,1,1,true,East,false
58,18587,2,13,false,Center,true
61,12022,0,0,true,West,false
52,25081,2,15,true,West,true
32,40912,7,16,true,Center,true
70,27004,6,26,false,Center,true
21,42176,5,17,false,North,false
63,12000,4,11,false,West,false
56,30068,3,10,true,East,true
49,27681,6,9,true,North,false
44,18968,2,17,false,South,false
46,43272,9,16,false,East,true
58,38766,7,13,false,North,false
31,41895,6,22,true,Center,true
53,30652,6,12,true,West,true
60,60486,11,32,true,Center,true
49,36116,2,16,true,South,false
45,19604,0,1,false,East,false
54,36258,5,13,true,Center,true
38,14764,0,2,false,East,false
26,52441,5,9,false,South,false
33,18517,1,13,true,East,false
23,18849,0,14,false,North,false
30,34474,1,13,true,Center,true
38,21662,5,7,false,South,false
52,38758,9,29,true,Center,true
30,17941,1,7,false,West,false
31,33677,4,8,true,South,false
27,20880,2,12,true,West,true
30,28423,0,7,false,North,false
53,25433,3,13,true,Center,true
29,21434,6,20,true,South,false
21,28769,0,0,true,North,false
63,33891,9,26,true,East,true
52,43515,7,23,true,North,true
28,51791,9,24,true,South,true
62,32541,5,15,true,West,true
38,19054,4,8,true,North,false
44,28733,3,8,false,North,false
55,42536,4,18,true,North,true
57,28999,7,15,true,South,true
38,41602,3,11,true,West,false
67,25636,5,22,false,West,true
54,31093,2,8,false,Center,false
59,21101,1,10,false,Center,false
29,37214,2,16,true,West,true
28,44062,3,7,false,West,true
24,49559,2,6,false,West,false
42,27927,0,9,false,West,false
41,43076,6,27,false,Center,true
69,37221,5,10,false,West,false
29,37071,4,17,false,South,true
62,27998,4,12,true,Center,true
45,37992,2,18,true,North,false
35,27234,0,7,false,West,true
62,31290,5,9,false,Center,false
49,36959,1,10,true,Center,false
52,41060,8,19,true,East,true
29,21862,0,13,true,East,false
61,21054,2,4,false,Center,false
47,17770,3,7,true,West,false
27,19831,0,7,false,North,false
31,37452,2,16,false,South,false
54,60009,8,22,true,East,true
25,21570,5,7,false,West,true
40,31980,0,9,false,North,false
66,32156,5,16,true,North,true
37,32628,6,19,true,West,true
19,29680,4,16,true,South,true
40,31077,3,8,true,Center,false
48,21371,0,0,false,Center,false
48,39593,3,12,false,South,false
61,29180,4,18,false,South,false
23,32655,7,17,true,Center,true
48,42094,6,21,true,Center,true
26,17015,0,11,true,Center,true
54,12000,5,14,false,East,false
46,30074,5,13,true,North,true
30,22974,2,3,false,North,false
37,36491,6,16,true,South,false
25,37278,4,15,false,Center,false
62,14954,4,16,true,Center,true
45,20235,1,11,false,Center,false
33,52399,3,16,false,East,true
52,25441,5,22,true,Center,true
32,34985,6,16,true,South,true
51,23970,0,15,true,West,false
69,36022,9,22,true,South,true
69,48059,9,26,true,South,false
22,23729,1,7,false,Center,false
21,32052,2,7,true,East,true
46,13090,0,5,false,East,false
59,43813,4,16,true,North,true
44,36620,5,19,false,Center,true
47,12000,0,1,false,West,false
48,20176,2,14,false,West,false
60,33455,3,7,false,South,false
22,31905,5,14,true,Center,true
33,21833,1,4,false,Center,true
45,28251,2,3,false,East,false
61,22322,6,13,true,North,true
36,26753,1,9,true,East,false
33,17184,3,15,true,Center,true
25,53493,5,18,true,West,true
47,45920,5,20,true,Center,false
58,48033,6,15,true,Center,true
69,35471,5,19,true,North,true
65,28853,3,15,true,Center,false
35,30101,5,16,false,West,true
33,40827,7,20,false,West,true
57,39053,5,12,false,East,true
33,36783,2,9,true,Center,true
33,25902,0,11,false,Center,false
44,28965,1,7,false,Center,false
35,36993,8,14,true,North,true
42,40627,2,7,false,East,true
68,25070,5,12,false,West,true
48,49721,5,12,true,East,true
54,25382,5,7,false,North,false
32,28831,8,20,true,South,true
51,40562,1,15,false,North,false
23,20608,0,5,true,North,true
45,27240,9,22,true,Center,true
21,13165,0,12,false,Center,false
45,38958,4,17,false,North,true
70,35065,2,13,true,North,false
29,32043,3,16,true,North,false
21,26301,3,2,true,South,false
68,30351,6,17,true,East,true
22,38448,3,13,false,East,true
64,19945,5,25,true,South,true
65,24440,5,17,false,North,true
22,22699,0,4,false,Center,false
38,12074,1,9,false,South,false
66,31915,1,6,true,Center,true
49,16716,4,11,true,West,true
27,53669,2,12,false,Center,true
45,40830,6,22,true,West,true
22,27275,3,13,false,North,false
35,45321,6,16,true,Center,true
40,24911,1,12,true,Center,true
66,14289,2,2,false,West,false
70,19298,6,10,true,North,false
23,24844,0,6,true,North,false
30,12502,2,12,true,West,true
22,33716,3,10,true,West,true
61,27104,4,3,false,West,false
34,18616,0,12,false,Center,false
61,40185,3,11,false,Center,false
45,21355,2,4,false,Center,false
37,34954,2,12,false,Center,false
47,54668,4,14,true,Center,true
37,38236,5,7,true,Center,false
45,21399,4,2,true,Center,true
49,42125,3,20,true,West,true
57,35649,3,9,false,North,true
65,46941,7,19,false,East,true
21,39502,4,24,true,East,true
40,29415,2,11,true,West,true
20,15232,0,6,false,West,false
55,26118,8,25,true,South,true
28,20446,0,11,false,North,false
60,39070,8,12,true,East,true
44,35078,2,16,true,Center,true
27,36064,4,18,false,North,false
36,34336,0,0,false,North,false
60,16875,1,10,false,North,false
30,29862,3,15,true,West,false
43,37028,0,1,false,East,false
66,14987,1,15,false,Center,false
39,46877,10,27,false,West,true
44,33586,4,10,false,Center,true
67,38370,3,15,false,East,true
51,20617,4,4,true,East,false
20,13637,1,2,false,North,false
44,12000,0,13,false,South,false
54,33247,6,12,true,East,true
32,24253,0,5,true,Center,false
33,21849,3,19,true,West,true
44,56046,8,22,false,East,true
49,40294,5,16,true,Center,false
53,30860,2,9,false,Center,true
48,38276,5,17,false,East,true
45,34042,5,23,true,South,true
22,38193,4,23,false,North,true
66,61211,7,25,true,East,true
47,18283,2,3,false,North,false
69,42755,12,29,true,West,true
22,37749,5,11,true,West,true
40,55109,8,24,false,East,true
28,38278,7,22,true,West,true
60,51123,5,13,true,Center,true
20,31008,2,1,false,East,false
18,55448,5,25,true,South,true
26,16971,1,0,true,West,false
58,27754,6,18,false,North,true
26,24642,0,9,false,West,false
41,41178,6,19,false,Center,true
26,46818,3,16,true,Center,true
25,35405,5,19,true,West,true
52,36176,4,13,false,South,false
60,24496,8,20,false,Center,true
35,31635,2,18,true,West,true
69,22359,6,16,true,East,true
28,42643,10,26,false,South,true
26,46622,10,30,false,North,true
35,14796,0,8,true,Center,false
42,37198,7,19,true,West,true
33,13249,0,5,false,North,false
55,35311,6,21,true,North,true
26,29894,1,7,true,Center,false
35,47181,5,13,false,North,true
31,25604,3,10,true,West,true
51,26492,1,9,true,Center,false
60,32631,7,18,true,South,true
21,31845,0,6,true,Center,true
67,52983,8,17,true,East,true
62,47053,3,17,true,Center,true
67,33352,8,22,true,West,true
64,25664,5,22,true,Center,true
22,12000,0,6,false,East,false
53,41679,3,23,false,West,true
19,23422,5,9,true,Center,true
37,29703,0,4,true,Center,false
56,21658,2,5,false,Center,false
40,23228,3,9,false,North,true
54,38908,4,18,true,West,true
61,47103,6,19,true,Center,true
18,42719,3,20,false,West,true
33,27940,2,9,false,West,true
48,26398,0,2,true,West,false
31,39107,0,13,true,South,true
62,25432,6,10,true,North,true
19,28102,0,7,true,North,false
30,40969,6,18,true,North,false
31,18503,4,13,true,East,false
28,30535,3,7,false,West,true
66,34568,6,12,false,North,false
63,15022,1,17,false,West,false
46,54623,14,28,false,Center,true
68,22163,4,5,false,West,false
36,21458,4,21,true,East,false
32,30791,0,9,false,East,false
70,41572,9,22,true,West,true
56,27465,3,9,false,North,false
53,36931,6,11,true,East,true
58,37744,6,15,false,North,false
47,36931,6,20,false,East,false
62,53603,8,27,false,East,true
23,26778,0,7,false,East,false
58,31842,1,5,true,East,false
50,19769,0,5,false,South,false
48,28623,6,17,false,Center,false
20,26707,4,8,true,North,false
33,19707,4,19,true,North,true
25,32607,4,12,true,East,true
70,39561,9,24,true,South,true
33,12037,3,5,false,North,false
58,54612,6,17,true,East,true
43,31739,7,26,false,Center,false
59,44865,12,20,true,Center,true
51,24735,1,8,true,Center,true
64,39450,9,21,true,North,true
44,32258,2,8,false,North,false
34,53218,9,26,false,Center,true
66,25027,5,17,false,East,false
52,27920,2,19,true,North,true
44,38255,0,0,false,West,true
32,30614,0,1,true,West,false
26,12000,1,14,true,East,true
36,33877,9,24,true,West,true
38,36556,3,13,false,North,false
47,13078,0,7,false,Center,false
58,25951,1,12,false,North,false
20,26999,0,11,false,East,false
42,57222,11,33,true,South,true
29,32714,4,15,true,Center,true
56,30071,4,11,false,South,false
70,38006,6,19,true,South,true
41,23470,1,9,false,East,false
58,33351,3,8,true,South,false
55,58162,14,37,true,Center,true
27,43770,6,17,true,West,true
64,28037,7,12,false,South,false
39,34178,10,13,false,South,true
65,46417,10,28,true,West,true
31,24218,4,6,false,Center,false
22,23508,5,17,true,West,true
70,18281,4,11,false,South,false
59,45674,4,24,true,West,true
37,32951,3,6,true,Center,true
60,48728,5,13,true,East,true
25,48804,6,13,false,North,true
54,28160,3,9,false,East,false
34,25736,2,9,false,South,false
54,40642,1,6,false,East,false
61,17262,0,0,false,South,false
42,21838,0,9,true,East,false
54,12000,0,6,true,Center,false
70,35524,10,27,true,West,true
57,20673,0,1,true,East,false
19,27341,1,9,false,Center,false
38,24161,0,3,false,North,false
66,54045,8,23,true,Center,true
27,44675,3,13,false,East,true
66,20619,6,13,false,Center,true
44,13420,0,7,false,North,false
27,34252,0,4,false,North,false
67,30397,8,20,true,South,true
20,45863,1,14,true,East,true
56,12693,5,16,false,East,false
22,38863,4,9,false,North,false
42,15737,1,7,false,West,false
47,25728,4,11,false,South,false
27,42933,5,15,false,South,false
43,41944,8,21,true,West,true
56,33548,5,17,true,South,true
42,62116,5,8,true,East,true
51,27726,2,12,false,North,true
38,14616,5,17,true,South,false
47,55303,7,23,true,South,true
25,34441,6,22,true,South,true
40,26451,4,4,false,Center,false
64,55287,7,20,true,South,true
24,23080,2,14,false,West,false
52,37158,6,12,false,North,true
18,40623,1,17,false,West,true
30,30068,8,15,true,West,true
61,25129,2,2,false,South,false
50,40015,8,22,true,East,true
19,13325,0,0,false,West,false
48,28243,1,10,false,East,false
68,52312,8,21,true,North,true
40,28677,4,19,false,North,true
46,48872,5,15,true,East,true
22,38515,3,3,false,West,false
52,33341,2,4,true,South,true
28,50779,10,31,false,East,true
52,14537,3,10,false,East,false
56,21752,6,10,false,Center,false
52,12000,1,7,false,North,false
33,41618,3,12,false,East,true
57,20787,3,16,false,East,false
57,20419,2,13,false,South,false
27,35286,2,9,false,North,false
38,31818,3,7,false,Center,false
19,19525,0,6,false,Center,false
20,38082,4,15,false,Center,true
34,38008,7,17,true,West,true
29,21016,0,9,false,Center,false
32,37268,3,24,false,Center,true
23,21311,0,8,false,West,true
39,12000,5,20,true,East,true
56,34281,2,11,false,South,true
41,49065,7,10,false,South,true
38,32777,0,5,true,Center,false
61,49585,4,23,false,South,true
30,13429,0,2,true,West,false
37,40508,6,26,true,Center,true
57,48704,4,7,false,Center,true
38,61173,9,24,true,East,true
67,32846,4,10,false,West,true
55,16762,2,2,false,North,false
33,40228,2,15,true,North,true
69,49721,5,8,false,South,true
66,19673,4,12,true,Center,true
65,39610,5,13,true,Center,false
68,28154,1,8,false,West,false
69,19808,0,16,true,North,true
37,25968,4,11,false,North,false
70,39962,8,22,true,South,true
58,21750,1,8,true,West,false
42,19421,4,12,false,East,false
45,15778,3,1,false,North,true
41,51689,0,6,true,West,true
31,34521,2,1,false,Center,true
30,12676,0,2,false,North,false
23,19660,1,4,false,Center,false
67,17717,3,15,false,West,false
38,29902,10,20,true,North,true
20,24395,4,5,false,South,false
53,32311,5,23,false,West,true
29,48872,7,24,false,West,true
29,58381,5,16,true,South,true
65,25743,5,18,true,West,true
37,33307,7,18,true,East,true
54,41219,3,9,true,North,true
47,29991,0,7,true,West,true
34,42450,2,17,false,North,false
56,42797,1,8,true,North,true
33,23927,0,6,false,Center,false
70,24662,7,9,true,North,false
66,38356,5,13,false,North,true
20,39004,2,6,false,West,false
50,40440,3,11,false,West,false
40,38822,8,22,false,East,false
67,34172,5,18,true,North,true
68,26832,4,21,true,Center,true
23,38751,4,9,false,South,false
19,38679,4,14,true,North,true
18,12000,0,11,false,South,false
43,38549,5,19,true,East,true
47,15056,4,14,false,East,true
42,26824,4,14,false,South,false
60,31313,1,4,false,East,false
36,20526,0,3,false,South,false
69,27373,7,23,true,North,true
53,25132,0,8,true,East,false
27,22422,0,14,true,West,false
40,27921,0,12,false,East,true
60,21974,2,10,false,East,false
47,39078,6,16,true,Center,true
26,32664,3,20,false,North,false
21,21950,2,11,false,North,false
21,14023,1,11,false,Center,true
36,12000,0,9,false,North,false
58,26666,2,8,true,North,false
43,46899,5,18,true,East,true
41,15109,2,13,true,North,true
48,35542,3,16,true,North,true
25,36218,0,10,false,East,false
24,22837,2,14,true,North,true
24,38822,0,6,true,East,false
63,36677,6,15,true,North,true
39,35294,4,19,true,Center,true
69,27205,5,15,true,Center,false
61,24230,5,11,true,North,true
30,53652,6,20,true,East,false
34,45275,1,8,true,North,true
26,27747,0,18,true,Center,true
39,30115,3,13,true,South,true
34,51406,7,21,false,South,true
54,33085,0,3,true,Center,false
22,29000,4,12,true,South,true
56,44027,1,5,false,South,false
30,19439,2,12,false,East,true
42,38537,4,5,false,South,true
29,32984,0,7,false,South,false
54,65687,5,17,false,West,true
45,49326,1,12,true,South,false
28,41719,6,23,true,South,true
34,54936,10,36,true,Center,true
66,21215,1,0,false,West,false
23,62404,6,19,true,West,true
50,53827,8,28,true,Center,true
28,32646,0,9,false,West,false
46,43438,5,23,true,North,true
44,18588,2,16,false,Center,true
56,15247,4,8,false,South,false
35,36183,1,2,true,East,true
60,44372,5,15,false,Center,true
68,45446,9,28,true,South,true
49,26594,8,18,true,Center,true
47,12000,0,2,true,South,false
44,29092,1,4,true,Center,false
19,30589,5,17,true,Center,true
28,43171,4,16,true,South,true
50,61838,7,22,true,East,true
20,36766,2,12,false,East,true
54,34305,5,15,true,West,true
66,41060,6,12,false,North,false
31,30739,2,11,false,Center,false
20,41203,3,9,false,East,false
41,40066,4,15,true,North,true
20,44950,2,11,true,West,true
65,12000,2,9,true,Center,false
66,28641,4,3,true,Center,false
27,36009,4,15,false,East,false
57,36794,7,19,true,East,true
33,26997,0,4,false,South,false
62,36074,4,14,true,East,true
57,42747,8,27,false,West,true
42,34777,3,15,true,East,true
56,12000,0,7,true,Center,false
26,44774,7,18,true,North,true
59,26097,2,13,false,North,true
42,50174,6,18,false,South,true
44,52137,8,23,false,Center,true
41,19041,2,8,false,West,false
32,37058,7,17,true,East,true
43,46921,3,16,true,East,true
43,21021,0,0,true,West,false
29,37072,5,21,true,West,true
60,20008,3,11,true,North,true
63,37252,5,25,false,Center,false
58,28778,4,14,true,South,false
43,18080,2,6,true,South,false
40,12227,2,17,true,West,true
34,42300,2,10,true,North,true
34,34690,8,17,true,South,true
66,18928,2,4,true,West,false
29,29741,4,6,false,West,false
66,41411,6,30,true,East,true
47,28444,4,16,true,West,true
63,41793,6,12,false,South,false
64,34024,4,6,false,Center,true
59,28856,3,12,false,South,false
70,44218,8,21,true,West,true
42,53840,6,19,true,Center,true
32,25160,5,16,false,Center,true
37,55637,7,26,false,South,true
43,18747,3,9,true,West,true
34,57940,4,15,false,Center,true
41,26859,0,2,false,North,false
59,32764,0,4,false,North,false
50,22811,2,5,false,South,false
51,25064,3,16,true,West,true
55,25352,0,12,false,Center,true
69,48400,9,19,true,Center,true
31,40518,1,8,true,South,true
25,49540,5,13,false,West,true
29,17653,1,13,false,North,true
70,37696,7,21,true,South,true
42,51797,10,20,true,South,true
48,30661,2,1,true,Center,true
21,39627,3,4,false,East,true
50,32677,0,4,false,South,true
38,23231,7,11,false,North,true
67,45254,7,21,true,West,true
39,47280,5,16,true,East,true
60,24688,5,23,true,Center,true
63,51398,10,30,true,East,true
24,14177,3,14,false,North,false
41,34921,0,0,false,North,false
54,20760,2,5,true,Center,true
53,15091,1,11,false,East,false
22,24408,3,9,false,North,false
42,47954,6,27,true,West,true
40,12000,2,3,false,Center,false
23,30772,2,18,true,North,true
47,22773,5,17,true,Center,true
65,38517,7,15,true,East,false
53,35238,5,16,true,Center,true
56,42138,5,13,false,West,false
34,29922,1,9,false,East,false
20,23238,5,21,true,West,true
18,31434,2,9,true,West,false
44,31378,4,17,true,West,false
50,39996,8,20,false,North,true
51,16697,0,3,true,South,true
44,57685,10,16,false,North,true
68,22819,6,13,true,South,false
57,37856,8,27,true,Center,true
65,46447,4,17,false,North,true
30,44864,6,22,false,North,true
62,40416,3,18,true,East,false
32,34462,2,4,false,South,false
44,22961,5,14,true,West,true
57,35853,2,15,false,West,true
67,31291,4,13,true,South,true
32,30191,2,12,false,East,false
34,12000,0,6,true,South,false
35,44719,5,17,true,Center,true
34,53488,3,8,false,Center,true
69,58469,5,15,true,Center,true
70,22926,4,17,false,Center,true
43,40336,8,23,true,West,true
38,42941,7,19,true,South,false
24,70746,6,14,true,South,true
27,27248,4,19,true,East,true
19,18108,2,13,false,Center,false
61,32191,5,17,true,Center,true
54,12837,6,25,false,East,true
38,38393,5,17,false,West,false
61,21009,2,12,true,North,false
24,33760,0,8,false,West,false
55,24081,0,11,false,North,false
36,48143,5,25,true,East,true
18,30931,3,14,true,South,false
36,45799,6,12,false,West,true
57,26479,2,5,false,West,false
39,38879,6,21,false,South,true
59,47502,7,30,true,North,true
46,28432,3,10,false,Center,false
63,38472,4,19,true,East,false
32,43884,5,10,false,Center,true
28,16875,0,8,false,Center,false
29,29025,5,14,false,East,true
67,44506,10,23,true,East,true
20,16239,0,6,true,South,false
53,44276,4,16,false,North,true
32,36591,0,18,true,West,false
39,33062,0,0,false,West,false
23,41340,8,23,true,Center,true
44,20182,0,8,true,Center,false
22,30741,10,29,true,West,true
69,28016,6,15,true,Center,false
24,22101,0,5,false,South,false
54,48220,4,13,true,East,true
31,21481,1,0,false,South,false
48,41110,8,19,true,East,true
33,12000,1,5,true,West,false
27,16175,0,12,true,West,false
21,12000,0,10,false,North,false
31,20837,0,0,true,East,false
34,40233,5,24,false,West,false
65,41687,8,27,true,Center,true
26,30248,0,10,false,Center,false
27,33231,4,12,false,North,false
33,26500,3,17,true,Center,false
44,31826,5,11,true,East,true
46,21154,3,13,false,North,true
19,12000,0,11,false,West,true
37,20159,4,14,false,South,true
68,40907,6,25,true,South,true
27,12332,0,6,false,South,false
53,55681,3,4,true,West,true
20,18166,3,13,false,Center,false
37,13810,0,6,true,West,false
30,25493,0,7,false,North,false
42,35866,6,22,true,West,true
27,31242,7,13,false,West,false
38,31286,5,11,false,West,false
49,47299,5,17,false,Center,true
64,23663,8,25,true,Center,true
39,40494,0,6,true,South,false
41,26287,1,8,false,West,true
62,32278,6,21,true,Center,true
64,29435,9,22,true,East,true
68,16720,4,19,true,East,false
58,27904,5,19,true,West,true
42,46642,4,4,true,Center,true
23,36352,5,24,true,Center,true
57,40901,5,21,false,South,true
41,21269,1,9,false,Center,false
35,39508,6,17,true,Center,false
36,48847,7,21,true,East,true
44,36125,2,11,false,North,false
32,24729,0,13,false,North,false
64,52514,12,35,true,North,true
53,12000,3,7,true,West,false
65,42161,5,24,true,West,true
61,26139,4,17,false,West,true
62,12000,1,13,true,South,false
54,15565,3,8,true,Center,true
70,51499,9,22,false,West,true
41,25368,5,16,false,South,false
64,39158,7,18,false,North,true
37,34284,7,20,true,Center,true
62,64530,13,34,true,South,true
27,20130,1,8,false,South,false
49,34342,2,7,true,West,false
31,37731,3,18,false,Center,true
51,26085,2,7,false,West,false
32,33705,2,10,false,West,true
23,44691,3,9,true,South,false
66,24957,4,15,true,South,true
24,17879,4,15,false,South,false
29,23582,0,0,false,West,false
52,45250,3,10,false,North,true
31,65912,7,23,false,North,true
56,21278,11,18,false,South,true
60,48924,7,24,true,North,true
57,42879,6,18,true,West,true
64,12000,2,15,false,Center,false
49,28370,8,27,true,South,true
25,25932,0,12,true,Center,true
21,22148,1,3,false,East,false
38,29405,0,9,false,East,false
60,36654,6,23,true,East,true
39,30005,3,13,false,South,true
38,18604,2,10,false,West,true
28,25541,3,17,false,North,false
23,34759,4,14,false,West,true
47,15024,1,2,false,Center,false
49,38817,4,20,true,Center,true
66,61867,10,23,true,South,true
40,33369,7,20,true,West,true
30,35941,4,16,true,West,false
68,22445,2,9,true,South,true
19,34131,0,0,false,South,false
48,35837,4,23,true,Center,true
66,20843,4,7,false,West,true
70,39602,11,16,true,Center,true
33,20787,5,13,false,West,false
57,37211,8,31,true,Center,true
42,33388,5,12,false,North,false
28,18846,0,3,true,North,false
36,46445,4,10,true,Center,false
44,27023,1,15,false,West,false
32,28733,4,21,false,Center,false
55,32557,8,25,true,South,true
54,50007,3,13,false,East,true
27,34565,6,14,false,East,true
54,24783,0,6,false,Center,false
24,72959,7,21,true,North,true
66,42282,7,25,true,South,true
41,20839,6,22,true,North,true
54,22672,4,15,false,South,false
27,51532,3,20,true,West,true
43,41687,3,11,false,South,false
18,20034,0,9,false,West,false
41,24648,2,8,true,North,false
53,14802,5,14,false,North,false
26,40873,4,14,true,Center,true
37,33483,6,12,false,East,false
70,29230,4,4,false,Center,false
27,23164,1,8,true,East,false
60,44690,6,18,true,North,true
38,40064,5,20,false,North,false
57,43806,5,15,true,West,true
28,34024,4,19,true,North,true
43,26870,2,9,true,Center,true
46,48780,8,21,true,West,true
45,40594,7,15,true,West,true
35,26809,1,16,false,East,false
34,34960,2,13,false,East,true
52,30715,5,20,false,West,false
23,25134,2,13,true,West,true
70,40966,4,19,true,East,false
48,20473,0,4,true,East,false
29,35433,3,10,false,West,true
61,25327,4,2,true,Center,true
55,34193,2,5,false,West,false
27,45078,4,12,false,North,true
26,60818,10,30,true,Center,true
62,12000,0,5,false,West,false
21,41004,2,9,false,South,false
55,48367,6,18,true,West,true
49,37975,6,28,false,Center,true
29,37867,6,19,true,Center,true
69,30347,10,15,false,East,true
52,35272,3,13,false,West,true
51,15772,2,10,false,East,true
41,23179,1,3,false,West,false
61,23228,4,12,true,East,true
56,31304,2,9,false,Center,true
40,29941,3,15,false,North,false
19,23132,0,8,true,North,false
67,29024,5,11,false,South,false
33,13355,1,10,false,East,false
29,43255,5,16,true,East,true
24,38574,7,22,false,North,true
32,30016,1,8,false,North,false
68,49709,9,15,true,Center,true
45,17683,1,11,true,East,true
38,30864,6,6,false,West,true
20,34076,1,16,false,South,false
38,12000,0,12,true,West,false
67,31528,1,7,false,North,false
45,34715,3,11,false,North,true
34,12000,0,11,false,West,false
62,35468,4,19,false,Center,false
57,28818,8,22,true,North,true
21,34443,5,8,false,East,true
40,50346,4,13,true,West,true
58,52933,9,24,false,South,true
40,25263,2,2,true,East,false
21,43252,5,17,true,Center,true
32,38741,7,28,true,West,true
31,35052,6,21,true,North,true
52,49073,4,16,true,Center,true
67,57042,13,34,true,Center,true
56,42330,9,29,true,West,true
56,31410,3,4,false,West,true
48,26644,3,18,false,West,true
58,44005,4,21,true,East,true
47,12000,0,13,false,Center,false
55,42407,3,10,false,North,false
63,34994,4,9,false,Center,true
28,23431,0,7,false,Center,false
54,37538,4,13,false,South,true
46,30141,0,0,false,South,false
57,18358,4,14,true,South,false
53,52934,7,14,true,South,true
54,29942,6,19,true,South,true
44,22369,3,0,true,Center,false
69,12000,0,4,true,Center,true
56,40576,9,28,true,North,true
20,35383,4,11,true,South,true
52,38392,8,23,false,North,true
54,12000,0,7,true,West,false
57,20754,1,11,true,Center,false
33,59230,8,19,true,North,true
40,28227,0,1,false,South,false
19,56940,3,12,true,South,true
52,18965,0,4,true,East,false
19,23596,0,10,false,North,false
31,12000,2,11,false,Center,false
26,12000,0,3,false,Center,false
43,36847,2,12,true,East,true
40,22167,0,2,false,North,false
29,33070,3,12,false,Center,true
34,18268,1,3,false,Center,false
56,25223,4,18,true,Center,true
23,41698,4,15,true,West,false
21,41082,4,18,true,West,false
67,12000,3,7,false,North,false
52,19836,0,1,false,Center,false
29,23166,1,6,false,Center,false
50,26606,5,16,true,North,false
21,21400,4,12,true,Center,true
31,27889,4,8,false,East,true
68,35368,4,10,false,South,false
56,35133,7,16,true,North,true
23,35176,2,15,false,South,true
20,17795,0,12,false,Center,false
52,30349,4,15,true,North,true
46,27580,1,9,true,Center,false
68,26462,4,11,true,South,true
42,12441,1,3,true,East,false
22,40527,4,17,false,Center,true
68,12000,5,11,false,East,false
25,47411,6,18,true,West,true
61,30166,3,9,true,South,false
28,25021,0,5,false,South,false
60,22044,1,5,false,Center,false
49,23050,6,13,false,East,false
21,33989,4,13,false,East,false
58,43741,2,10,false,West,true
23,12000,1,7,false,Center,false
24,37299,0,10,false,South,false
51,38019,6,20,true,Center,true
52,35740,5,18,true,South,true
39,12000,0,13,false,West,false
54,27044,2,13,true,Center,true
45,46166,4,17,true,West,true
50,29618,3,9,true,West,false
26,30883,2,9,true,South,true
52,43032,8,21,false,Center,true
45,36040,5,9,false,West,false
20,31112,3,13,true,Center,false
62,36126,2,14,true,Center,true
40,15794,1,4,true,South,false
58,26682,6,22,false,North,false
36,23410,3,6,false,Center,false
29,18792,4,16,true,West,true
60,41518,8,23,true,West,true
44,49388,6,16,true,North,true
69,31861,6,15,true,North,false
47,42254,5,21,false,South,true
34,43182,5,20,true,North,true
31,38650,4,12,false,South,true
58,31451,6,22,true,Center,true
19,18025,0,11,true,East,false
56,19116,0,8,false,East,false
57,12000,1,13,true,West,false
67,22541,7,10,true,Center,true
59,53291,7,34,false,East,true
70,29479,9,23,false,South,false
22,23867,1,1,false,South,false
31,15229,3,3,true,East,false
57,56482,5,14,false,Center,true
52,36459,6,19,true,Center,true
28,37665,2,13,false,South,true
35,32222,2,16,false,West,true
54,34074,6,20,true,North,true
63,27920,3,9,false,South,false
55,30096,1,10,true,West,true
29,34130,4,9,true,Center,true
62,26924,2,7,false,North,false
42,26586,3,10,true,South,true
59,45513,11,29,true,East,true
69,26443,5,12,false,South,true
47,21722,3,16,true,West,true
18,45171,5,16,false,North,true
28,38749,5,20,false,South,true
42,24312,3,19,true,West,false
65,27114,5,9,false,West,true
18,22146,2,0,true,Center,true
68,37782,5,16,true,North,true
55,31380,5,24,false,North,true
65,41535,2,9,false,Center,true
59,24631,2,9,true,East,false
37,31506,3,13,false,West,false
52,25031,5,16,false,Center,false
55,36625,4,18,true,East,true
56,40057,0,8,false,West,false
44,41356,7,31,true,Center,true
19,23329,1,10,true,South,false
49,26001,8,23,true,Center,true
66,12000,1,17,true,West,false
30,39392,0,8,false,South,false
50,36682,6,24,true,Center,true
18,52700,13,34,true,East,true
40,32536,3,12,true,North,true
33,37319,0,13,false,South,true
51,13255,0,8,true,East,true
23,16990,3,5,true,South,false
65,40811,3,19,true,East,true
18,13165,0,1,false,West,false
53,12000,6,15,true,South,false
55,13859,1,7,true,West,false
23,45201,3,16,false,East,false
39,12000,1,11,false,Center,false
60,43364,6,18,true,North,true
54,24879,2,3,false,Center,false
21,44525,6,19,true,North,true
23,29409,1,9,false,West,false
18,46931,9,28,true,North,true
38,43135,3,15,false,Center,true
32,24613,4,15,false,West,false
26,21783,1,1,false,South,false
38,30706,4,8,true,North,false
29,33816,5,13,true,Center,true
23,50906,6,19,false,North,true
58,21990,4,17,true,South,true
49,30827,1,2,false,East,false
34,24666,6,20,true,North,true
32,38064,2,13,false,Center,true
49,27865,0,17,true,West,true
40,20272,1,3,true,West,false
65,22366,0,4,false,North,false
44,28584,1,3,false,North,true
22,48101,4,1,false,South,false
35,34493,2,7,true,North,true
18,63735,8,27,true,South,true
27,39329,5,17,true,East,true
66,27017,5,16,false,Center,true
65,32054,3,11,true,Center,true
69,27429,9,22,true,South,true
53,37918,6,19,true,Center,true
55,35425,2,17,false,South,false
69,29723,5,12,false,Center,true
24,39593,4,21,true,East,true
69,30653,3,18,true,South,false
45,60980,8,21,true,West,true
21,33263,4,12,true,West,false
21,51079,7,22,true,West,true
33,46370,8,23,true,East,true
67,31876,0,6,true,West,false
63,17138,0,11,true,East,false
58,17700,3,18,false,North,false
39,34448,7,18,false,South,false
46,31010,4,16,false,East,true
44,34230,4,12,false,West,true
30,21056,0,0,false,South,false
30,12000,1,16,false,North,false
29,36510,1,7,false,Center,false
50,39176,5,17,true,East,true
43,38959,4,18,true,West,true
66,23729,5,10,true,Center,true
61,24021,5,13,false,West,false
65,58706,6,21,true,Center,true
27,31137,3,14,true,West,false
59,22822,3,12,true,East,true
52,42474,3,12,false,Center,true
24,30835,0,9,true,Center,true
41,41919,4,14,false,West,false
43,29922,1,2,false,Center,false
23,34226,3,16,false,Center,false
27,12000,0,1,false,Center,false
39,23195,6,18,false,West,false
39,34263,2,3,false,North,false
27,12000,4,19,false,North,false
19,44021,8,16,false,East,true
47,28783,3,13,true,North,true
25,17984,4,13,false,East,false
64,37044,6,14,true,East,true
36,41965,0,5,false,Center,true
54,36339,6,19,true,North,true
53,21912,2,14,true,North,false
42,29274,2,18,false,West,true
53,43884,5,15,false,Center,true
64,18377,3,20,false,East,false
51,48040,6,19,true,Center,true
18,30443,3,2,false,South,false
65,54499,11,24,false,East,true
61,26125,2,2,false,West,false
39,28060,4,16,false,Center,false
34,36564,5,19,false,South,true
21,29973,1,4,true,North,false
41,23902,0,0,true,North,false
28,20844,0,8,false,South,false
41,34524,5,9,true,West,true
19,47980,2,25,false,North,false
35,36840,6,17,true,North,true
47,47071,3,21,true,West,true
67,42653,7,22,true,Center,true
47,42853,10,24,true,East,true
35,34594,1,8,false,West,true
43,32416,1,16,false,South,false
38,44661,7,21,true,North,true
29,27048,2,11,true,Center,true
67,20280,2,12,true,Center,true
28,25069,2,7,true,South,false
58,29764,4,12,false,Center,true
65,20600,3,3,true,South,false
24,12000,0,6,true,North,false
70,55320,7,21,true,South,true
32,35247,5,21,true,West,true
22,53143,7,28,true,West,true
64,33619,7,15,false,Center,true
50,40433,1,9,false,East,true
28,29507,4,18,true,West,true
54,31683,1,6,false,East,false
23,40324,7,17,true,Center,true
56,12000,0,8,false,Center,false
37,23760,1,8,true,East,true
23,12000,0,0,true,North,false
22,30397,1,2,true,Center,false
48,24566,6,6,true,North,false
62,48499,7,27,true,North,true
60,31239,1,6,true,Center,true
22,26729,3,11,true,Center,false
24,27077,1,8,false,South,false
47,25948,1,5,false,Center,false
23,23189,1,10,false,East,false
25,15511,0,9,false,South,false
58,20415,5,24,false,South,false
45,25115,5,13,true,East,false
45,28117,8,17,false,East,true
65,12000,0,3,false,North,false
19,31386,0,0,false,Center,false
67,25177,2,4,false,South,true
40,37680,4,19,false,South,true
37,17612,2,12,false,East,true
28,34400,1,7,false,South,false
56,28306,1,11,true,Center,true
39,33857,3,7,true,South,true
20,40649,4,22,true,Center,true
30,24716,2,14,true,West,true
18,27745,0,11,false,East,false
35,12000,4,13,true,West,false
43,28307,7,17,true,Center,true
30,31301,4,16,false,East,false
30,33346,2,4,true,East,false
37,37217,5,21,false,Center,false
30,19025,2,7,true,West,false
66,55270,9,26,true,South,true
35,47913,2,3,true,South,true
23,39201,1,8,true,Center,false
36,19897,1,7,false,North,false
45,36129,0,4,true,South,false
28,25676,4,5,true,East,false
54,49702,8,25,false,Center,true
18,24894,0,10,true,East,false
23,24497,3,8,true,East,true
32,27225,3,10,false,East,false
24,28419,5,20,true,South,true
42,49426,8,29,true,Center,true
47,48656,10,27,false,West,true
41,18584,0,9,false,South,true
21,40070,6,17,true,East,true
20,26369,0,8,true,Center,false
45,57159,8,23,true,Center,true
31,45586,5,15,false,South,false
25,25813,1,7,false,South,false
35,34704,0,6,false,Center,false
66,24243,7,20,false,South,true
61,39166,2,9,false,South,false
65,43948,3,8,false,South,false
26,40742,1,16,false,East,false
52,43967,3,10,true,West,true
43,33286,1,17,true,Center,false
55,42079,10,27,false,West,true
49,37057,6,16,false,East,false
23,12000,1,12,false,South,false
55,31225,5,13,false,East,false
23,27967,0,2,false,East,true
40,34586,0,5,false,North,false
70,24441,3,1,false,West,true
53,48851,4,14,false,East,true
62,23418,0,0,false,South,false
42,12179,0,5,true,West,false
66,33464,0,11,true,East,false
60,46679,10,22,true,South,true
48,47285,7,25,true,West,true
50,29911,3,5,false,South,false
51,46657,11,22,true,West,true
38,32042,3,14,false,East,false
54,38990,8,22,true,North,true
61,44360,8,30,true,South,true
18,18197,0,7,true,North,false
29,44542,5,13,true,Center,false
42,26770,2,9,false,West,false
23,40486,7,19,true,Center,true
41,35532,7,12,true,Center,true
18,42802,9,21,false,East,true
42,24235,0,11,true,Center,false
62,27994,6,18,true,East,true
70,21336,4,19,false,West,false
35,45818,1,8,false,South,false
33,22406,2,8,false,West,false
20,16029,3,6,false,Center,false
41,18465,0,0,false,West,false
21,39341,3,11,false,South,true
42,27958,3,1,false,North,false
42,19670,0,10,false,South,false
68,46424,6,21,false,West,true
50,18321,3,8,false,North,false
34,28249,2,17,false,West,true
30,16158,0,12,true,North,true
18,39909,2,24,false,West,true
57,27382,0,9,false,Center,true
36,30167,0,6,true,West,false
27,50797,3,13,false,Center,true
60,26725,5,17,true,West,true
63,29592,4,14,true,South,true
45,12000,3,20,false,South,true
54,52918,5,6,false,East,false
43,12000,0,11,true,West,false
44,12000,4,9,false,East,false
64,19057,0,6,true,West,false
25,29441,0,12,false,South,false
24,46006,5,11,true,West,true
32,14355,3,11,true,East,false
65,40314,3,17,true,Center,true
37,29497,0,8,false,Center,false
67,30328,7,7,true,North,true
22,54087,3,12,true,East,true
68,28889,5,20,false,Center,true
33,39025,4,12,true,Center,false
20,28298,1,9,true,South,true
65,35748,3,16,false,South,false
33,27208,2,4,false,North,false
55,32590,9,26,false,North,true
19,41068,4,22,true,North,true
61,35002,7,22,false,North,false
70,20343,3,17,false,North,false
52,43929,6,23,true,West,true
45,29934,2,10,false,North,true
30,21335,0,5,false,West,false
45,17801,2,15,false,North,false
61,28522,1,3,false,East,false
36,35231,3,17,true,Center,true
39,17172,1,3,false,Center,false
25,21871,0,4,false,West,false
38,35929,9,22,false,Center,true
48,27527,0,11,false,East,false
30,49532,7,19,false,South,true
54,28573,9,17,true,West,true
38,27435,0,9,false,North,false
65,29866,4,7,false,North,false
51,23250,4,14,true,Center,true
18,27650,3,5,false,Center,false
57,26155,3,15,false,West,true
65,32232,5,14,true,North,true
47,32681,1,6,false,South,false
43,48196,7,20,false,South,false
49,48187,5,17,false,West,true
36,31452,0,5,false,South,true
19,27849,1,3,false,South,false
36,32917,1,0,false,East,true
49,29073,3,10,true,West,true
44,37554,3,10,true,West,true
44,41991,4,19,false,Center,true
22,26365,3,16,false,South,true
49,35786,2,17,false,Center,true
37,40020,5,15,true,East,false
64,31756,3,9,false,West,false
38,30949,2,11,false,South,false
43,13843,3,9,false,Center,false
25,24546,1,5,true,East,false
53,43155,5,10,false,West,false
48,33638,3,10,false,North,true
19,21832,0,6,false,East,false
48,36221,8,27,true,Center,true
53,41322,4,16,false,West,false
57,43079,3,14,false,South,true
32,27617,0,5,true,Center,false
34,31926,3,8,false,North,true
26,34356,5,11,true,West,true
61,12000,2,12,true,Center,false
21,43160,3,8,false,Center,false
25,50731,6,16,true,East,true
66,16673,4,15,true,South,false
22,15431,2,9,true,West,false
19,43585,3,15,true,East,true
38,38882,7,19,true,West,true
68,26956,0,9,true,East,false
68,32771,2,5,false,West,false
45,32967,3,18,true,South,false
58,44504,2,3,true,Center,true
54,22116,3,5,true,West,false
62,34276,1,7,false,West,false
22,30716,8,19,false,West,false
18,42836,1,11,false,East,false
31,45806,8,26,true,North,true
53,12000,0,0,false,West,false
36,21900,1,7,true,East,false
62,56430,8,25,true,South,true
49,25034,7,21,true,South,true
49,45246,7,19,false,Center,true
52,29543,3,4,true,Center,true
62,49219,9,24,true,Center,true
54,12000,0,10,false,Center,false
46,20914,0,6,false,Center,true
57,40176,3,16,true,South,true
27,21747,3,12,true,West,false
61,12000,1,4,false,Center,false
66,23181,6,26,true,Center,true
21,22134,3,3,false,West,false
21,24239,3,8,true,West,false
34,45060,6,11,true,East,false
30,12000,0,6,false,West,false
20,30364,0,10,true,South,false
35,36706,5,17,true,East,true
52,20650,0,12,false,East,false
60,17997,1,6,false,South,false
70,51466,5,20,false,South,true
41,24688,4,17,true,Center,true
42,32157,1,19,true,Center,true
32,15829,0,10,false,South,false
45,51072,6,19,false,West,true
23,23046,4,15,true,South,false
47,35748,6,21,false,East,true
52,21498,3,4,false,North,false
65,29148,10,21,true,South,true
56,24682,6,21,false,Center,false
28,32682,7,23,true,East,true
42,27775,0,8,false,West,true
46,32299,4,6,true,West,false
23,12000,5,5,false,South,false
36,36525,0,12,false,Center,false
19,57153,4,16,true,East,true
57,16211,2,18,true,East,false
20,26469,0,9,true,East,false
58,15050,3,3,false,South,false
22,22913,0,2,false,North,false
52,14343,1,11,false,North,false
38,27851,3,7,false,East,false
28,19459,3,5,false,Center,true
27,49658,4,14,false,East,true
58,35691,2,9,true,West,false
27,47595,3,8,false,East,true
67,46548,10,23,false,Center,true
56,37865,5,15,true,North,true
42,12000,0,7,false,West,false
37,21693,0,12,true,South,false
57,19568,4,12,false,Center,false
18,36035,0,8,false,East,false
24,27160,4,21,true,East,true
26,22934,0,1,false,South,false
35,31128,5,20,true,North,true
48,48601,5,15,false,West,false
21,36731,6,16,false,West,false
56,34958,5,9,true,South,true
27,35625,10,29,true,South,true
48,23074,2,21,false,Center,false
37,33751,3,11,true,Center,true
60,33564,6,12,true,West,true
63,23416,0,6,false,East,false
20,46753,8,21,true,Center,true
70,33082,7,26,false,North,true
65,31756,7,14,false,West,true
68,21882,5,14,true,East,true
52,30962,5,12,false,West,true
22,21842,2,18,true,East,false
53,52470,9,21,true,East,true
60,13557,2,15,false,Center,false
46,27392,7,24,false,South,true
58,63940,9,25,true,West,true
65,50977,8,17,true,South,true
42,26121,3,11,true,West,true
38,31431,0,4,false,North,false
26,44415,7,22,true,North,true
64,20359,4,14,true,East,true
46,23950,1,5,false,Center,true
28,37005,8,20,false,West,true
37,45906,9,26,true,South,true
31,46537,6,19,true,West,true
40,25891,2,12,true,West,false
37,29840,3,22,false,South,true
29,31520,1,14,true,West,false
67,27635,8,23,true,South,true
54,45498,6,19,true,Center,true
65,28119,2,3,true,Center,true
62,34625,2,3,true,North,false
18,28099,5,13,false,Center,true
21,25089,0,4,false,South,false
23,25976,5,10,true,Center,true
28,12371,0,14,true,South,true
60,19877,4,11,false,West,false
53,31528,4,18,false,Center,false
22,25480,3,10,true,North,true
29,44335,4,12,false,West,true
38,37642,3,13,true,North,true
48,42163,6,19,true,North,true
43,23907,3,14,true,West,true
20,40708,4,18,false,North,true
59,62096,10,26,false,North,true
52,29019,5,17,true,Center,true
25,34033,2,9,false,Center,false
26,33603,5,8,true,South,true
29,30763,6,13,false,East,false
40,32311,8,17,false,West,true
54,16018,1,10,true,Center,false
39,16421,0,10,false,South,false
49,33050,2,13,false,South,false
44,27102,4,0,true,Center,false
41,45290,10,28,false,Center,true
60,32857,6,10,false,North,false
67,12000,0,5,true,West,false
42,15935,1,6,true,East,false
62,58965,6,19,true,Center,true
36,22927,3,11,false,Center,true
64,22236,3,5,false,East,false
68,25159,2,7,false,North,false
68,24093,4,12,true,East,true
42,49147,7,22,false,Center,true
70,16850,3,10,true,East,false
25,36148,4,14,false,Center,true
43,38939,8,27,false,South,true
62,26234,8,22,true,South,true
55,42239,3,14,true,South,true
60,47615,8,25,false,East,true
23,22436,0,3,false,Center,false
56,36331,6,17,false,South,true
67,28936,1,6,false,North,true
35,40230,4,20,true,East,false
35,26601,2,15,false,Center,false
22,41256,2,12,true,South,true
18,47581,4,14,true,North,false
59,37735,4,18,true,West,false
25,19599,3,22,false,South,true
27,48709,9,26,true,Center,true
27,40226,4,17,false,South,true
49,46363,1,19,true,North,true
24,47285,1,11,false,East,true
61,23507,8,22,false,East,true
51,15547,0,5,false,South,false
38,41024,7,19,true,West,true
50,24041,5,16,true,South,false
20,44281,3,12,false,North,false
36,40343,8,26,true,East,true
39,32783,4,9,false,Center,false
34,36268,2,15,false,East,false
18,39326,5,9,false,South,false
63,20999,1,11,true,Center,false
56,32756,5,10,false,East,true
40,56836,5,19,true,West,true
29,13743,2,5,true,East,false
19,30621,7,12,true,West,true
35,38517,5,22,false,West,false
34,50031,7,13,false,North,true
70,19254,5,18,false,East,false
52,40593,7,24,true,Center,true
28,36246,5,19,true,North,true
